,retroID,GS,InnOuts,PO,A,E,DP,PB,WP,SB,CS,ZR
0,adamb105,1.0,27.0,6,0,0.0,0,0.0,0.0,1.0,0.0,0.0
1,adamb106,0.0,0.0,249,90,12.0,15,7.0,0.0,0.0,0.0,0.0
2,adamd101,3.0,78.0,9,2,0.0,0,1.0,0.0,0.0,0.0,0.0
3,adled101,65.0,1840.0,453,26,4.0,2,8.0,19.0,37.0,16.0,0.0
4,afent001,20.0,613.0,123,5,1.0,3,6.0,0.0,17.0,3.0,0.0
5,agnes101,0.0,0.0,141,48,5.0,5,2.0,0.0,0.0,0.0,0.0
6,ainse101,0.0,0.0,1528,361,72.0,31,34.0,0.0,0.0,0.0,0.0
7,alexg101,205.0,5481.0,1008,100,35.0,8,24.0,0.0,212.0,67.0,0.0
8,alfaj002,130.0,3430.0,1135,71,13.0,9,14.0,0.0,72.0,26.0,0.0
9,alfoe002,150.0,4035.0,1059,76,17.0,10,7.0,0.0,93.0,39.0,0.0
10,allaa001,453.0,11965.0,2395,208,52.0,24,41.0,0.0,292.0,129.0,0.0
11,alleg001,342.0,8959.0,1762,146,32.0,24,27.0,0.0,233.0,110.0,0.0
12,alleh104,0.0,3.0,0,0,0.0,0,0.0,0.0,0.0,0.0,0.0
13,allen101,0.0,0.0,143,49,8.0,7,4.0,0.0,0.0,0.0,0.0
14,allib101,13.0,366.0,92,6,0.0,0,1.0,0.0,12.0,4.0,0.0
15,almob001,0.0,3.0,0,0,0.0,0,0.0,0.0,0.0,0.0,0.0
16,aloms001,1203.0,31914.0,7667,464,86.0,72,71.0,0.0,758.0,328.0,0.0
17,alvac001,1.0,24.0,10,0,0.0,0,0.0,0.0,2.0,0.0,0.0
18,andeb005,15.0,403.0,108,8,3.0,0,0.0,0.0,10.0,1.0,0.0
19,andef102,0.0,0.0,290,39,11.0,5,10.0,0.0,0.0,0.0,0.0
20,andej001,1.0,47.0,8,1,0.0,0,1.0,0.0,4.0,0.0,0.0
21,andrs101,0.0,0.0,154,26,12.0,2,6.0,0.0,0.0,0.0,0.0
22,anglt101,0.0,0.0,23,7,1.0,0,3.0,0.0,0.0,0.0,0.0
23,antoj102,0.0,0.0,9,1,0.0,1,0.0,0.0,0.0,0.0,0.0
24,arcif001,25.0,663.0,190,15,2.0,1,1.0,0.0,9.0,5.0,0.0
25,ardod001,132.0,3545.0,918,85,12.0,10,14.0,0.0,62.0,37.0,0.0
26,arenj001,370.0,9950.0,2691,200,24.0,12,39.0,0.0,228.0,83.0,0.0
27,armsg101,0.0,0.0,4,1,0.0,1,0.0,0.0,0.0,0.0,0.0
28,arnoc101,4.0,108.0,16,1,1.0,0,4.0,0.0,4.0,0.0,0.0
29,asbjc101,0.0,0.0,156,36,8.0,5,5.0,0.0,0.0,0.0,0.0
30,ashba001,1191.0,31541.0,7086,684,113.0,74,113.0,0.0,1112.0,445.0,0.0
31,ashft001,0.0,3.0,1,0,0.0,0,0.0,0.0,0.0,0.0,0.0
32,ashln001,5.0,124.0,41,3,0.0,0,0.0,0.0,2.0,1.0,0.0
33,astrj101,161.0,4329.0,2057,233,31.0,46,42.0,37.0,46.0,39.0,13.0
34,astuw001,14.0,393.0,114,7,1.0,0,0.0,0.0,6.0,3.0,0.0
35,atwet101,156.0,4065.0,1499,156,34.0,12,30.0,17.0,55.0,26.0,0.0
36,atwob101,0.0,0.0,1069,171,33.0,24,24.0,0.0,0.0,0.0,0.0
37,auldt101,0.0,0.0,7,0,0.0,0,0.0,0.0,0.0,0.0,0.0
38,ausmb001,1766.0,47522.0,12839,956,79.0,130,61.0,0.0,894.0,480.0,0.0
39,austj101,0.0,0.0,0,0,0.0,0,0.0,0.0,0.0,0.0,0.0
40,autrc102,0.0,0.0,268,60,12.0,6,7.0,0.0,0.0,0.0,0.0
41,avere102,163.0,4514.0,1118,88,19.0,10,28.0,51.0,101.0,41.0,5.0
42,avila001,772.0,20340.0,5886,363,32.0,53,53.0,0.0,467.0,193.0,0.0
43,aylwd101,0.0,0.0,4,0,0.0,0,0.0,0.0,0.0,0.0,0.0
44,ayraj001,0.0,58.0,14,0,0.0,0,0.0,0.0,0.0,0.0,0.0
45,azcuj101,773.0,20781.0,5329,452,44.0,67,117.0,211.0,243.0,201.0,26.0
46,baile101,983.0,26194.0,5267,450,80.0,57,48.0,187.0,293.0,195.0,34.0
47,bailm001,271.0,7377.0,1722,152,32.0,13,39.0,0.0,263.0,109.0,0.0
48,bakeb101,0.0,0.0,601,83,12.0,10,11.0,0.0,0.0,0.0,0.0
49,bakej002,288.0,7711.0,2190,135,18.0,7,21.0,0.0,248.0,57.0,0.0
50,bakop001,646.0,17254.0,4477,334,50.0,41,58.0,0.0,409.0,187.0,0.0
51,baldf101,0.0,0.0,9,0,0.0,0,1.0,0.0,0.0,0.0,0.0
52,baldr102,13.0,368.0,79,8,4.0,1,0.0,0.0,19.0,4.0,0.0
53,bandc001,367.0,9876.0,1888,183,27.0,23,36.0,0.0,242.0,122.0,0.0
54,bandj001,123.0,3269.0,942,73,6.0,8,11.0,0.0,67.0,31.0,0.0
55,bankb001,23.0,691.0,152,14,3.0,3,5.0,0.0,29.0,1.0,0.0
56,bantb001,1.0,24.0,5,0,0.0,0,0.0,0.0,2.0,0.0,0.0
57,barar001,965.0,25528.0,6768,401,51.0,47,54.0,0.0,491.0,187.0,0.0
58,bardj001,468.0,12675.0,3102,229,28.0,31,26.0,0.0,358.0,98.0,0.0
59,barna001,114.0,2977.0,1079,37,4.0,7,5.0,0.0,51.0,13.0,0.0
60,barnh101,0.0,0.0,0,0,0.0,0,0.0,0.0,0.0,0.0,0.0
61,barnt001,405.0,10737.0,3153,272,12.0,21,20.0,0.0,204.0,106.0,0.0
62,baros002,5.0,117.0,46,3,0.0,0,1.0,0.0,3.0,0.0,0.0
63,barrc101,50.0,1332.0,243,31,7.0,3,9.0,16.0,23.0,15.0,2.0
64,barrm003,820.0,21926.0,6020,358,50.0,50,74.0,0.0,591.0,165.0,0.0
65,bartb101,317.0,8454.0,1986,185,28.0,30,9.0,25.0,181.0,125.0,1.0
66,bassj102,0.0,0.0,2507,666,58.0,66,33.0,0.0,0.0,0.0,0.0
67,bated101,14.0,426.0,116,8,1.0,0,5.0,0.0,14.0,5.0,0.0
68,batej102,923.0,23822.0,5686,491,113.0,81,104.0,190.0,425.0,222.0,21.0
69,bathb001,36.0,970.0,234,12,2.0,2,2.0,0.0,36.0,12.0,0.0
70,batte101,1016.0,26308.0,6176,501,69.0,73,96.0,311.0,276.0,214.0,42.0
71,battm101,60.0,1641.0,1962,221,38.0,32,37.0,8.0,20.0,12.0,1.0
72,baueh101,0.0,3.0,0,0,0.0,0,1.0,0.0,0.0,0.0,0.0
73,beanb001,0.0,3.0,1,0,0.0,0,0.0,0.0,0.0,0.0,0.0
74,beckj102,0.0,0.0,69,11,3.0,0,2.0,0.0,0.0,0.0,0.0
75,belle002,3.0,87.0,18,0,0.0,0,0.0,0.0,0.0,0.0,0.0
76,bellt001,0.0,49.0,7,0,0.0,0,0.0,0.0,1.0,0.0,0.0
77,bencj101,1627.0,43467.0,9249,850,97.0,127,94.0,130.0,610.0,469.0,22.0
78,beneb001,892.0,23342.0,4651,577,53.0,50,55.0,0.0,772.0,360.0,0.0
79,bengb101,0.0,0.0,1334,286,20.0,42,15.0,0.0,0.0,0.0,0.0
80,benng001,475.0,12693.0,2915,171,27.0,21,30.0,0.0,257.0,71.0,0.0
81,bentb001,28.0,761.0,126,16,6.0,1,6.0,0.0,18.0,7.0,0.0
82,berbl101,334.0,8952.0,1786,172,15.0,25,26.0,63.0,93.0,97.0,8.0
83,bergj102,0.0,0.0,29,0,2.0,1,0.0,0.0,0.0,0.0,0.0
84,bergm103,0.0,0.0,1693,306,29.0,44,33.0,0.0,0.0,0.0,0.0
85,berrc103,0.0,0.0,2047,406,44.0,48,35.0,0.0,0.0,0.0,0.0
86,berrd002,507.0,13742.0,3104,273,41.0,24,49.0,0.0,399.0,179.0,0.0
87,berrr101,0.0,0.0,1704,278,23.0,35,25.0,0.0,0.0,0.0,0.0
88,berry101,868.0,22862.0,8738,798,110.0,175,76.0,123.0,208.0,203.0,10.0
89,bertd101,389.0,10176.0,2053,263,36.0,32,63.0,107.0,150.0,137.0,18.0
90,bethc001,105.0,2820.0,769,69,9.0,8,19.0,0.0,37.0,20.0,0.0
91,bettl101,0.0,0.0,4,0,0.0,0,1.0,0.0,0.0,0.0,0.0
92,biess001,0.0,9.0,2,0,0.0,0,0.0,0.0,0.0,0.0,0.0
93,biggc001,392.0,10479.0,2456,202,30.0,20,32.0,0.0,434.0,130.0,0.0
94,bilad001,277.0,7655.0,1757,202,24.0,15,29.0,0.0,242.0,143.0,0.0
95,billd101,222.0,5964.0,1259,117,23.0,22,34.0,0.0,149.0,81.0,0.0
96,billj103,0.0,0.0,272,82,10.0,4,5.0,0.0,0.0,0.0,0.0
97,biscj101,0.0,0.0,229,66,11.0,9,7.0,0.0,0.0,0.0,0.0
98,bishm101,3.0,75.0,16,1,1.0,0,0.0,0.0,3.0,1.0,0.0
99,bjorg101,25.0,676.0,136,16,1.0,0,4.0,0.0,24.0,8.0,0.0
100,blacf101,0.0,0.0,87,19,4.0,1,0.0,0.0,0.0,0.0,0.0
101,blact101,316.0,8821.0,1850,225,40.0,33,20.0,0.0,334.0,151.0,0.0
102,blaer101,0.0,0.0,5,0,0.0,0,0.0,0.0,0.0,0.0,0.0
103,blaic001,9.0,251.0,57,1,4.0,0,0.0,0.0,5.0,2.0,0.0
104,blanh001,794.0,21317.0,5659,475,38.0,78,55.0,0.0,360.0,269.0,0.0
105,blanj101,122.0,3445.0,750,46,15.0,5,18.0,39.0,58.0,15.0,2.0
106,blefc101,57.0,1572.0,336,32,7.0,1,14.0,15.0,35.0,26.0,0.0
107,blotj101,0.0,0.0,1,0,0.0,0,0.0,0.0,0.0,0.0,0.0
108,blowm001,0.0,3.0,1,0,0.0,0,0.0,0.0,0.0,0.0,0.0
109,bobbr101,3.0,94.0,18,2,0.0,0,0.0,1.0,1.0,2.0,0.0
110,boccj101,234.0,6655.0,1433,146,25.0,21,24.0,18.0,126.0,86.0,0.0
111,bochb002,203.0,5790.0,1218,130,29.0,17,14.0,0.0,220.0,88.0,0.0
112,boltc101,0.0,0.0,855,130,26.0,19,18.0,0.0,0.0,0.0,0.0
113,bookb101,5.0,166.0,27,2,1.0,0,1.0,1.0,4.0,1.0,0.0
114,boola101,0.0,0.0,271,58,9.0,8,5.0,0.0,0.0,0.0,0.0
115,boonb001,2091.0,55378.0,11260,1174,178.0,154,97.0,0.0,1108.0,731.0,0.0
116,bordp001,842.0,23049.0,5397,503,74.0,52,73.0,0.0,633.0,334.0,0.0
117,borgg101,407.0,10865.0,2257,236,28.0,26,14.0,0.0,283.0,178.0,0.0
118,boscj001,6.0,210.0,76,4,1.0,0,0.0,0.0,8.0,2.0,0.0
119,bottj102,0.0,0.0,44,9,0.0,0,3.0,0.0,0.0,0.0,0.0
120,boudl101,0.0,0.0,4,2,0.0,0,0.0,0.0,0.0,0.0,0.0
121,bower002,86.0,2826.0,677,46,10.0,6,10.0,0.0,71.0,16.0,0.0
122,boylj103,0.0,0.0,0,0,0.0,0,0.0,0.0,0.0,0.0,0.0
123,bradb103,0.0,0.0,4,2,1.0,0,0.0,0.0,0.0,0.0,0.0
124,bradg102,0.0,0.0,21,1,2.0,0,0.0,0.0,0.0,0.0,0.0
125,brads001,367.0,9721.0,2277,154,24.0,27,29.0,0.0,304.0,97.0,0.0
126,bragb101,0.0,0.0,518,75,12.0,16,3.0,0.0,0.0,0.0,0.0
127,branr002,103.0,2798.0,736,62,7.0,7,17.0,0.0,59.0,22.0,0.0
128,branr101,279.0,7818.0,1928,168,25.0,25,34.0,103.0,143.0,82.0,9.0
129,breed101,24.0,666.0,162,11,5.0,2,3.0,0.0,12.0,4.0,0.0
130,bremh101,0.0,0.0,239,36,6.0,4,5.0,0.0,0.0,0.0,0.0
131,brenb001,590.0,16082.0,3577,408,63.0,41,75.0,0.0,514.0,280.0,0.0
132,brenb101,0.0,0.0,237,30,4.0,5,7.0,0.0,0.0,0.0,0.0
133,bricj001,34.0,906.0,269,32,2.0,2,4.0,0.0,10.0,8.0,0.0
134,brigh101,6.0,181.0,26,4,0.0,1,1.0,6.0,7.0,2.0,0.0
135,brinc101,81.0,2443.0,513,59,7.0,9,16.0,2.0,53.0,33.0,0.0
136,britg102,0.0,0.0,3,1,0.0,0,0.0,0.0,0.0,0.0,0.0
137,britj001,18.0,518.0,145,13,1.0,1,5.0,0.0,11.0,6.0,0.0
138,britj002,61.0,1574.0,427,33,5.0,3,7.0,0.0,42.0,20.0,0.0
139,broot001,0.0,15.0,7,1,0.0,0,0.0,0.0,2.0,0.0,0.0
140,bross101,0.0,0.0,23,6,2.0,1,0.0,0.0,0.0,0.0,0.0
141,brott101,0.0,0.0,101,29,2.0,1,3.0,0.0,0.0,0.0,0.0
142,browd003,11.0,377.0,81,9,0.0,3,5.0,0.0,11.0,3.0,0.0
143,browd102,522.0,14081.0,3150,242,38.0,48,53.0,116.0,169.0,116.0,10.0
144,browj005,0.0,3.0,2,0,0.0,0,0.0,0.0,0.0,0.0,0.0
145,browk004,52.0,1493.0,380,29,4.0,2,7.0,0.0,43.0,18.0,0.0
146,browr102,7.0,239.0,46,5,0.0,2,0.0,1.0,7.0,3.0,1.0
147,browt002,52.0,1496.0,393,33,3.0,0,4.0,0.0,31.0,9.0,0.0
148,bruce101,0.0,0.0,708,95,16.0,20,11.0,0.0,0.0,0.0,0.0
149,bruce102,0.0,0.0,6,1,0.0,0,1.0,0.0,0.0,0.0,0.0
150,brugf101,0.0,0.0,484,149,40.0,17,23.0,0.0,0.0,0.0,0.0
151,brumg001,95.0,2887.0,536,36,11.0,6,12.0,0.0,79.0,28.0,0.0
152,brumm101,174.0,4772.0,1023,73,10.0,6,20.0,56.0,70.0,39.0,3.0
153,bruna101,0.0,18.0,4,0,0.0,0,0.0,0.0,0.0,0.0,0.0
154,bryab101,237.0,6374.0,1456,113,26.0,17,42.0,99.0,124.0,47.0,6.0
155,bryad101,28.0,804.0,225,12,4.0,4,6.0,8.0,29.0,4.0,0.0
156,buchj104,0.0,0.0,261,27,6.0,4,7.0,0.0,0.0,0.0,0.0
157,buckj001,992.0,26436.0,6733,363,58.0,50,49.0,0.0,495.0,166.0,0.0
158,buddr001,9.0,298.0,91,6,1.0,1,2.0,0.0,6.0,2.0,0.0
159,bullb101,108.0,2912.0,597,48,11.0,7,7.0,0.0,74.0,40.0,0.0
160,burbn101,49.0,1270.0,261,24,6.0,4,7.0,7.0,7.0,8.0,1.0
161,burgs101,808.0,21318.0,5214,441,71.0,63,73.0,144.0,273.0,156.0,14.0
162,burkj003,107.0,3060.0,768,39,7.0,2,8.0,0.0,55.0,26.0,0.0
163,burkl102,0.0,13.0,3,0,0.0,0,0.0,0.0,0.0,0.0,0.0
164,burkm101,0.0,3.0,1,0,0.0,0,0.0,0.0,0.0,0.0,0.0
165,burnj102,0.0,0.0,12,2,1.0,1,0.0,0.0,0.0,0.0,0.0
166,burrp101,0.0,0.0,254,17,0.0,3,7.0,0.0,0.0,0.0,0.0
167,busbj101,0.0,3.0,0,0,0.0,0,0.0,0.0,0.0,0.0,0.0
168,buted001,353.0,9842.0,2652,173,25.0,15,38.0,0.0,197.0,84.0,0.0
169,butes001,255.0,6873.0,1382,149,35.0,16,22.0,0.0,215.0,101.0,0.0
170,butld001,7.0,192.0,48,3,1.0,0,3.0,0.0,5.0,3.0,0.0
171,cabrf001,12.0,383.0,84,6,2.0,0,3.0,0.0,11.0,4.0,0.0
172,cabrr001,48.0,1312.0,374,22,4.0,2,2.0,0.0,33.0,11.0,0.0
173,cadyh101,0.0,0.0,85,35,2.0,2,5.0,0.0,0.0,0.0,0.0
174,caitg101,0.0,0.0,21,2,1.0,1,0.0,0.0,0.0,0.0,0.0
175,calds101,5.0,207.0,158,16,4.0,6,6.0,1.0,3.0,3.0,0.0
176,cameh101,0.0,0.0,489,55,17.0,5,5.0,0.0,0.0,0.0,0.0
177,camid101,214.0,5854.0,1452,105,25.0,10,20.0,63.0,84.0,55.0,2.0
178,campb101,0.0,3.0,2,1,0.0,0,0.0,0.0,1.0,0.0,0.0
179,campg101,0.0,0.0,751,123,22.0,13,19.0,0.0,0.0,0.0,0.0
180,campj104,64.0,1706.0,420,48,12.0,5,8.0,20.0,40.0,19.0,1.0
181,campj105,42.0,1341.0,328,26,6.0,5,7.0,9.0,41.0,14.0,0.0
182,campr102,431.0,11551.0,6520,550,85.0,82,56.0,93.0,85.0,80.0,4.0
183,cancr001,23.0,643.0,179,13,2.0,2,2.0,0.0,15.0,4.0,0.0
184,cannc101,617.0,15964.0,3161,333,62.0,42,50.0,109.0,255.0,174.0,21.0
185,carav001,38.0,1099.0,343,25,3.0,3,3.0,0.0,32.0,12.0,0.0
186,cardj001,53.0,1465.0,274,27,7.0,3,10.0,0.0,24.0,16.0,0.0
187,carif101,0.0,0.0,1,0,0.0,0,0.0,0.0,0.0,0.0,0.0
188,carll001,38.0,1085.0,296,20,3.0,3,5.0,0.0,38.0,10.0,0.0
189,carrc104,287.0,7270.0,1648,115,13.0,21,28.0,57.0,92.0,41.0,7.0
190,cartg001,1955.0,52107.0,11785,1203,121.0,149,84.0,0.0,1498.0,810.0,0.0
191,cartr101,14.0,387.0,88,8,3.0,1,2.0,5.0,6.0,5.0,0.0
192,casac001,150.0,4104.0,1297,86,9.0,10,9.0,0.0,79.0,31.0,0.0
193,casap101,729.0,19832.0,4040,395,69.0,65,65.0,135.0,314.0,210.0,21.0
194,casar001,276.0,7413.0,1814,139,26.0,21,23.0,0.0,221.0,82.0,0.0
195,cashk001,189.0,5172.0,1249,128,10.0,17,33.0,0.0,133.0,52.0,0.0
196,casta001,320.0,8596.0,2292,165,23.0,19,21.0,0.0,162.0,113.0,0.0
197,castj006,662.0,17488.0,4907,339,25.0,45,61.0,0.0,365.0,132.0,0.0
198,castj102,0.0,0.0,6,1,1.0,0,1.0,0.0,0.0,0.0,0.0
199,castm001,52.0,1454.0,306,24,8.0,3,7.0,0.0,37.0,21.0,0.0
200,castr002,373.0,10502.0,2691,172,29.0,21,16.0,0.0,221.0,94.0,0.0
201,castt101,3.0,78.0,16,3,1.0,0,1.0,0.0,1.0,2.0,0.0
202,castv101,0.0,0.0,207,32,6.0,8,8.0,0.0,0.0,0.0,0.0
203,castw002,579.0,15393.0,4266,378,44.0,35,46.0,0.0,282.0,140.0,0.0
204,centj001,87.0,2413.0,674,51,11.0,4,14.0,0.0,41.0,6.0,0.0
205,ceror001,1135.0,30342.0,6548,536,70.0,59,99.0,0.0,705.0,413.0,0.0
206,cervf001,582.0,15399.0,4474,365,47.0,32,40.0,0.0,361.0,110.0,0.0
207,chand101,0.0,1.0,0,0,0.0,0,0.0,0.0,1.0,0.0,0.0
208,chape102,0.0,0.0,64,18,4.0,3,3.0,0.0,0.0,0.0,0.0
209,charf001,1.0,27.0,7,2,0.0,1,0.0,0.0,1.0,0.0,0.0
210,chavr001,187.0,5144.0,1379,133,11.0,11,12.0,0.0,90.0,63.0,0.0
211,cherp101,0.0,0.0,89,12,1.0,0,2.0,0.0,0.0,0.0,0.0
212,chirr001,407.0,10714.0,2761,162,20.0,18,21.0,0.0,215.0,72.0,0.0
213,chith101,384.0,10199.0,2197,240,42.0,35,64.0,65.0,133.0,79.0,6.0
214,chozh101,0.0,0.0,4,1,1.0,0,0.0,0.0,0.0,0.0,0.0
215,chris001,5.0,138.0,37,4,0.0,0,1.0,0.0,7.0,4.0,0.0
216,churj101,0.0,0.0,15,4,0.0,0,0.0,0.0,0.0,0.0,0.0
217,ciana001,0.0,3.0,0,0,0.0,0,0.0,0.0,0.0,0.0,0.0
218,ciasd101,4.0,192.0,27,2,1.0,1,1.0,0.0,8.0,1.0,0.0
219,ciufn001,14.0,333.0,108,5,0.0,0,4.0,0.0,7.0,1.0,0.0
220,clarc001,10.0,306.0,87,11,1.0,2,2.0,0.0,6.0,7.0,0.0
221,clarc101,0.0,0.0,65,8,5.0,2,3.0,0.0,0.0,0.0,0.0
222,clarn101,0.0,0.0,75,34,3.0,1,3.0,0.0,0.0,0.0,0.0
223,clarp001,1.0,125.0,31,5,1.0,1,1.0,0.0,5.0,1.0,0.0
224,clemj001,35.0,876.0,195,7,1.0,0,5.0,0.0,18.0,2.0,0.0
225,clemv101,0.0,0.0,1396,396,31.0,35,31.0,0.0,0.0,0.0,0.0
226,clevs001,98.0,2576.0,687,43,7.0,2,7.0,0.0,80.0,16.0,0.0
227,clibs101,16.0,599.0,127,9,4.0,0,0.0,0.0,24.0,7.0,0.0
228,closj001,120.0,3193.0,778,55,13.0,8,12.0,0.0,89.0,28.0,0.0
229,cobld101,0.0,0.0,27,3,2.0,0,1.0,0.0,0.0,0.0,0.0
230,cochd001,13.0,505.0,100,15,1.0,1,7.0,0.0,10.0,6.0,0.0
231,cochm101,0.0,0.0,6414,840,111.0,104,88.0,0.0,0.0,0.0,0.0
232,cokej101,160.0,4323.0,1027,100,19.0,13,22.0,62.0,112.0,56.0,7.0
233,colbc001,29.0,842.0,191,16,2.0,4,6.0,0.0,18.0,11.0,0.0
234,colbg001,0.0,3.0,0,0,0.0,0,0.0,0.0,0.0,0.0,0.0
235,colbm101,65.0,1728.0,324,31,11.0,5,2.0,0.0,49.0,31.0,0.0
236,colec105,113.0,3129.0,667,82,18.0,12,17.0,46.0,61.0,41.0,7.0
237,colia001,1.0,27.0,8,0,0.0,0,0.0,0.0,0.0,0.0,0.0
238,collp101,0.0,0.0,1339,249,43.0,27,20.0,0.0,0.0,0.0,0.0
239,collr102,0.0,0.0,138,24,8.0,3,5.0,0.0,0.0,0.0,0.0
240,comew101,0.0,9.0,2,0,0.0,0,0.0,2.0,0.0,0.0,0.0
241,compm101,38.0,978.0,265,13,4.0,1,5.0,0.0,23.0,11.0,0.0
242,congh001,287.0,7791.0,2284,139,31.0,17,6.0,0.0,247.0,58.0,0.0
243,conne101,0.0,0.0,366,86,16.0,2,5.0,0.0,0.0,0.0,0.0
244,conng101,0.0,0.0,13,1,0.0,0,2.0,0.0,0.0,0.0,0.0
245,conrb101,0.0,0.0,590,74,18.0,13,12.0,0.0,0.0,0.0,0.0
246,contw001,255.0,6962.0,2184,188,30.0,16,22.0,0.0,135.0,63.0,0.0
247,coopw102,89.0,2386.0,5166,589,138.0,80,79.0,21.0,22.0,12.0,0.0
248,coraj001,0.0,6.0,3,0,0.0,0,0.0,0.0,1.0,0.0,0.0
249,corpc001,197.0,5273.0,1471,107,20.0,17,10.0,0.0,133.0,40.0,0.0
250,corrp102,236.0,6239.0,1418,106,24.0,17,20.0,29.0,108.0,55.0,2.0
251,corrv101,329.0,8777.0,1704,216,41.0,10,59.0,0.0,293.0,106.0,0.0
252,costc001,176.0,4925.0,1253,58,7.0,10,10.0,0.0,106.0,30.0,0.0
253,cotah001,131.0,3514.0,847,61,5.0,7,13.0,0.0,65.0,26.0,0.0
254,courc101,516.0,13834.0,3556,379,50.0,63,57.0,108.0,214.0,143.0,16.0
255,cousd101,0.0,0.0,1,0,1.0,0,0.0,0.0,0.0,0.0,0.0
256,cox-d002,3.0,155.0,48,4,2.0,1,0.0,0.0,2.0,1.0,0.0
257,cox-l101,266.0,6950.0,1279,159,25.0,17,20.0,0.0,211.0,105.0,0.0
258,crand102,1133.0,30642.0,7352,759,89.0,116,60.0,174.0,289.0,240.0,39.0
259,crisd102,2.0,72.0,13,0,0.0,0,0.0,0.0,2.0,0.0,0.0
260,cromh101,0.0,0.0,108,19,2.0,1,3.0,0.0,0.0,0.0,0.0
261,cronb101,0.0,0.0,338,54,13.0,11,7.0,0.0,0.0,0.0,0.0
262,croub101,0.0,0.0,1296,385,63.0,37,22.0,0.0,0.0,0.0,0.0
263,crouj101,0.0,0.0,66,14,2.0,1,1.0,0.0,0.0,0.0,0.0
264,crowd101,1.0,51.0,9,1,0.0,0,1.0,0.0,4.0,1.0,0.0
265,crumg101,0.0,0.0,16,4,0.0,1,0.0,0.0,0.0,0.0,0.0
266,cruzt002,134.0,4003.0,1172,77,4.0,7,12.0,0.0,68.0,25.0,0.0
267,culpb102,0.0,0.0,23,2,2.0,0,1.0,0.0,0.0,0.0,0.0
268,cummj101,0.0,0.0,90,17,6.0,2,1.0,0.0,0.0,0.0,0.0
269,dahlb101,0.0,0.0,0,0,0.0,0,0.0,0.0,0.0,0.0,0.0
270,dalem001,16.0,562.0,116,7,1.0,2,2.0,0.0,17.0,6.0,0.0
271,dalep101,277.0,7889.0,1473,144,11.0,21,25.0,50.0,106.0,56.0,7.0
272,dalrc101,869.0,23505.0,5557,566,78.0,79,91.0,218.0,320.0,306.0,30.0
273,dalyt102,0.0,0.0,314,76,11.0,12,4.0,0.0,0.0,0.0,0.0
274,dannh101,0.0,0.0,3257,455,57.0,64,32.0,0.0,0.0,0.0,0.0
275,danni101,0.0,0.0,8,3,1.0,0,2.0,0.0,0.0,0.0,0.0
276,dantf101,0.0,0.0,152,16,14.0,0,1.0,0.0,0.0,0.0,0.0
277,dappc101,0.0,0.0,20,3,0.0,1,0.0,0.0,0.0,0.0,0.0
278,darnt001,359.0,9488.0,3009,154,18.0,21,22.0,0.0,229.0,62.0,0.0
279,datzj001,1.0,57.0,17,1,0.0,0,0.0,0.0,0.0,1.0,0.0
280,dauld001,891.0,23824.0,5417,445,66.0,70,64.0,0.0,701.0,290.0,0.0
281,davib003,403.0,10894.0,2791,175,25.0,41,34.0,0.0,224.0,115.0,0.0
282,davib004,32.0,834.0,215,16,4.0,0,1.0,0.0,19.0,7.0,0.0
283,davib101,211.0,5584.0,959,100,24.0,14,11.0,0.0,131.0,73.0,0.0
284,david001,1.0,42.0,6,1,0.0,0,0.0,0.0,1.0,1.0,0.0
285,davij001,976.0,25688.0,5520,640,81.0,65,98.0,0.0,815.0,445.0,0.0
286,davis101,0.0,0.0,4374,684,84.0,97,54.0,0.0,0.0,0.0,0.0
287,davit003,1.0,33.0,9,1,1.0,0,0.0,0.0,2.0,1.0,0.0
288,davit004,1.0,18.0,9,1,0.0,0,0.0,0.0,2.0,0.0,0.0
289,debeh101,0.0,0.0,2645,423,58.0,46,45.0,0.0,0.0,0.0,0.0
290,decks001,183.0,4869.0,1185,104,15.0,15,22.0,0.0,128.0,65.0,0.0
291,deidj101,0.0,22.0,7,1,0.0,0,0.0,0.0,0.0,1.0,0.0
292,dekob101,0.0,0.0,1,0,0.0,0,0.0,0.0,0.0,0.0,0.0
293,delab102,0.0,0.0,791,74,25.0,14,12.0,0.0,0.0,0.0,0.0
294,delga001,1.0,63.0,16,0,2.0,1,0.0,0.0,3.0,0.0,0.0
295,delgc001,0.0,15.0,3,0,0.0,0,0.0,0.0,0.0,0.0,0.0
296,dempr001,1343.0,36970.0,7367,768,99.0,111,61.0,0.0,770.0,507.0,0.0
297,denno101,0.0,0.0,213,36,2.0,6,5.0,0.0,0.0,0.0,0.0
298,depaj001,0.0,3.0,1,0,0.0,0,0.0,0.0,0.0,0.0,0.0
299,depht101,0.0,0.0,47,5,1.0,0,0.0,0.0,0.0,0.0,0.0
300,desag101,0.0,0.0,2837,325,34.0,41,19.0,0.0,0.0,0.0,0.0
301,devac001,4.0,177.0,52,1,0.0,0,1.0,0.0,8.0,1.0,0.0
302,devim101,0.0,0.0,54,9,4.0,0,3.0,0.0,0.0,0.0,0.0
303,devlj101,0.0,0.0,1,1,0.0,0,1.0,0.0,0.0,0.0,0.0
304,devoa101,0.0,0.0,394,95,17.0,4,12.0,0.0,0.0,0.0,0.0
305,dewij001,10.0,243.0,49,5,2.0,1,0.0,0.0,4.0,5.0,0.0
306,diazb001,869.0,23090.0,5294,525,82.0,60,71.0,0.0,686.0,357.0,0.0
307,diazc002,0.0,40.0,13,3,0.0,0,0.0,0.0,1.0,1.0,0.0
308,diaze002,577.0,15548.0,4155,399,46.0,43,35.0,0.0,370.0,189.0,0.0
309,diaze005,104.0,2897.0,864,82,13.0,10,3.0,0.0,48.0,20.0,0.0
310,diazm001,2.0,134.0,33,2,0.0,0,2.0,0.0,4.0,1.0,0.0
311,diazr001,34.0,873.0,193,24,2.0,2,7.0,0.0,27.0,10.0,0.0
312,dickb101,0.0,0.0,7965,954,108.0,137,76.0,0.0,0.0,0.0,0.0
313,dickg101,0.0,0.0,560,71,17.0,15,15.0,0.0,0.0,0.0,0.0
314,didib101,220.0,5855.0,1276,119,9.0,12,51.0,29.0,132.0,47.0,0.0
315,dietd101,477.0,12882.0,2860,202,61.0,30,86.0,76.0,273.0,98.0,1.0
316,difem001,458.0,12083.0,3023,300,40.0,43,52.0,0.0,280.0,151.0,0.0
317,dillp101,0.0,0.0,572,160,34.0,20,19.0,0.0,0.0,0.0,0.0
318,distb001,0.0,18.0,2,0,0.0,0,1.0,0.0,1.0,0.0,0.0
319,dixol101,0.0,0.0,492,139,19.0,12,6.0,0.0,0.0,0.0,0.0
320,dolla101,0.0,0.0,11,2,2.0,0,0.0,0.0,0.0,0.0,0.0
321,domia001,1.0,24.0,5,0,0.0,0,0.0,0.0,2.0,0.0,0.0
322,donaj001,8.0,214.0,64,5,2.0,0,1.0,0.0,8.0,4.0,0.0
323,donot101,100.0,2700.0,466,45,8.0,9,8.0,0.0,91.0,37.0,0.0
324,dormc101,0.0,0.0,1,1,0.0,0,0.0,0.0,0.0,0.0,0.0
325,dorsb001,100.0,2737.0,693,50,4.0,10,14.0,0.0,55.0,30.0,0.0
326,dottd101,82.0,2229.0,443,47,6.0,6,7.0,17.0,44.0,21.0,4.0
327,douga101,0.0,0.0,16,9,2.0,0,1.0,0.0,0.0,0.0,0.0
328,doumr001,504.0,13193.0,2907,285,42.0,30,40.0,0.0,351.0,108.0,0.0
329,downb001,610.0,16347.0,3383,325,40.0,31,26.0,0.0,519.0,264.0,0.0
330,doyld101,0.0,0.0,46,8,2.0,0,0.0,0.0,0.0,0.0,0.0
331,dresb102,0.0,0.0,114,14,2.0,2,4.0,0.0,0.0,0.0,0.0
332,duncd101,810.0,21888.0,4528,352,79.0,64,72.0,55.0,472.0,225.0,0.0
333,duram001,27.0,716.0,183,13,5.0,1,0.0,0.0,11.0,6.0,0.0
334,dyerd101,545.0,15144.0,3501,291,30.0,52,31.0,3.0,354.0,199.0,0.0
335,earlj101,0.0,0.0,2566,417,74.0,65,76.0,0.0,0.0,0.0,0.0
336,easle001,1.0,42.0,14,0,0.0,0,0.0,0.0,0.0,0.0,0.0
337,eastr102,0.0,0.0,29,4,0.0,1,1.0,0.0,0.0,0.0,0.0
338,edwab101,17.0,442.0,1926,200,39.0,32,38.0,6.0,10.0,6.0,1.0
339,edwad102,234.0,6281.0,1520,117,24.0,24,20.0,67.0,122.0,53.0,6.0
340,edwaj101,1268.0,34055.0,8925,703,82.0,105,102.0,303.0,580.0,376.0,26.0
341,egant101,287.0,7660.0,1861,171,27.0,23,50.0,23.0,212.0,94.0,1.0
342,ellia001,571.0,15319.0,4622,393,16.0,40,34.0,0.0,287.0,141.0,0.0
343,ellij101,245.0,6783.0,1306,123,33.0,17,26.0,4.0,174.0,88.0,0.0
344,ellir104,0.0,0.0,144,44,7.0,1,2.0,0.0,0.0,0.0,0.0
345,elmoj001,0.0,13.0,1,0,0.0,0,0.0,0.0,0.0,0.0,0.0
346,encaa001,55.0,1496.0,356,51,12.0,2,5.0,0.0,51.0,23.0,0.0
347,engld001,161.0,4364.0,777,66,18.0,7,11.0,0.0,112.0,46.0,0.0
348,ennir101,0.0,0.0,0,0,0.0,0,0.0,0.0,0.0,0.0,0.0
349,enrig101,1.0,21.0,4,0,0.0,0,0.0,0.0,4.0,1.0,0.0
350,eppsa101,0.0,0.0,6,0,2.0,0,0.0,0.0,0.0,0.0,0.0
351,erauj101,0.0,0.0,49,8,1.0,1,0.0,0.0,0.0,0.0,0.0
352,erich101,0.0,0.0,84,19,3.0,7,2.0,0.0,0.0,0.0,0.0
353,escoe001,0.0,3.0,0,0,0.0,0,0.0,0.0,0.0,0.0,0.0
354,espij001,19.0,614.0,130,11,1.0,0,2.0,0.0,16.0,3.0,0.0
355,espob001,0.0,12.0,3,0,0.0,0,0.0,0.0,0.0,0.0,0.0
356,espyc001,0.0,6.0,0,0,0.0,0,1.0,0.0,0.0,0.0,0.0
357,essij001,524.0,14226.0,2834,377,52.0,51,28.0,0.0,402.0,274.0,0.0
358,estab001,259.0,6914.0,1775,113,15.0,23,21.0,0.0,162.0,59.0,0.0
359,estrf101,0.0,12.0,1,0,0.0,0,1.0,0.0,0.0,0.0,0.0
360,estrj001,532.0,14036.0,3538,223,26.0,35,23.0,0.0,322.0,103.0,0.0
361,etcha101,781.0,20903.0,4884,365,68.0,45,43.0,94.0,388.0,244.0,3.0
362,euset001,444.0,12094.0,3224,212,28.0,26,31.0,0.0,283.0,119.0,0.0
363,evana101,0.0,0.0,2295,284,56.0,51,57.0,0.0,0.0,0.0,0.0
364,expol001,6.0,171.0,43,3,0.0,0,1.0,0.0,1.0,1.0,0.0
365,ezzeh101,0.0,0.0,6,2,0.0,0,0.0,0.0,0.0,0.0,0.0
366,fabrj001,496.0,13280.0,3185,298,38.0,30,39.0,0.0,322.0,178.0,0.0
367,faheb101,259.0,7229.0,1355,153,17.0,24,16.0,0.0,202.0,104.0,0.0
368,fannj101,38.0,1067.0,213,25,5.0,5,8.0,11.0,11.0,13.0,1.0
369,farmk001,0.0,27.0,5,1,0.0,0,0.0,0.0,0.0,0.0,0.0
370,fasas001,340.0,9025.0,2189,166,31.0,20,23.0,0.0,174.0,80.0,0.0
371,fedet001,83.0,2380.0,678,82,11.0,2,5.0,0.0,51.0,23.0,0.0
372,fehrb101,0.0,0.0,2,0,0.0,0,0.0,0.0,0.0,0.0,0.0
373,feldm101,0.0,0.0,8,2,0.0,0,0.0,0.0,0.0,0.0,0.0
374,felip001,0.0,1.0,0,0,0.0,0,0.0,0.0,1.0,0.0,0.0
375,fellj101,0.0,3.0,1,0,0.0,0,0.0,1.0,0.0,0.0,0.0
376,felsj101,20.0,621.0,113,11,4.0,1,0.0,1.0,8.0,3.0,0.0
377,fergj101,679.0,18292.0,3905,376,56.0,54,84.0,0.0,452.0,236.0,0.0
378,ferne101,0.0,0.0,88,11,5.0,2,1.0,0.0,0.0,0.0,0.0
379,fernf101,192.0,5274.0,1116,91,10.0,10,19.0,32.0,79.0,58.0,3.0
380,ferrr101,0.0,0.0,7248,1127,135.0,139,142.0,0.0,0.0,0.0,0.0
381,fickr001,123.0,3286.0,776,50,13.0,6,21.0,0.0,107.0,19.0,0.0
382,figgm001,28.0,798.0,180,13,5.0,1,2.0,0.0,22.0,7.0,0.0
383,filis101,0.0,0.0,0,0,0.0,0,0.0,0.0,0.0,0.0,0.0
384,fimpj001,61.0,1676.0,437,43,7.0,2,11.0,0.0,51.0,37.0,0.0
385,finlb102,0.0,0.0,367,57,15.0,7,5.0,0.0,0.0,0.0,0.0
386,finnh101,0.0,0.0,208,23,4.0,6,5.0,0.0,0.0,0.0,0.0
387,firod001,0.0,99.0,16,1,1.0,0,1.0,0.0,0.0,1.0,0.0
388,fiscm001,0.0,9.0,1,0,0.0,0,0.0,0.0,3.0,0.0,0.0
389,fiskc001,2097.0,55533.0,11369,1048,155.0,147,129.0,1.0,1302.0,665.0,0.0
390,fitze101,302.0,8017.0,2398,260,67.0,37,54.0,47.0,112.0,72.0,7.0
391,fitzm001,633.0,17177.0,4184,304,54.0,44,40.0,0.0,737.0,217.0,0.0
392,flahj001,920.0,24647.0,5784,457,67.0,66,43.0,0.0,707.0,302.0,0.0
393,fletd001,1028.0,26577.0,6678,406,47.0,49,46.0,0.0,884.0,280.0,0.0
394,florj002,239.0,6464.0,1663,131,15.0,12,21.0,0.0,152.0,51.0,0.0
395,florp101,0.0,0.0,212,41,17.0,7,7.0,0.0,0.0,0.0,0.0
396,flowt001,602.0,16026.0,4843,332,30.0,33,60.0,0.0,383.0,115.0,0.0
397,foilh101,424.0,11286.0,2362,209,36.0,40,47.0,99.0,114.0,84.0,6.0
398,folem001,107.0,2883.0,577,49,9.0,7,11.0,0.0,107.0,40.0,0.0
399,footb101,565.0,15020.0,3263,326,53.0,56,41.0,0.0,340.0,208.0,0.0
400,fordb001,514.0,13689.0,3299,185,42.0,29,29.0,0.0,406.0,127.0,0.0
401,fossr101,796.0,21263.0,4831,438,78.0,61,70.0,14.0,437.0,286.0,0.0
402,fox-c101,0.0,0.0,7,0,0.0,0,0.0,0.0,0.0,0.0,0.0
403,fox-j001,20.0,565.0,130,10,1.0,0,2.0,0.0,11.0,3.0,0.0
404,foxxj101,0.0,0.0,420,60,5.0,7,9.0,0.0,0.0,0.0,0.0
405,franh101,0.0,0.0,537,64,9.0,11,5.0,0.0,0.0,0.0,0.0
406,freeb103,1506.0,40309.0,9941,721,72.0,98,106.0,212.0,741.0,433.0,16.0
407,freed001,0.0,3.0,1,0,0.0,0,0.0,0.0,1.0,0.0,0.0
408,freer101,0.0,3.0,1,0,0.0,0,1.0,0.0,0.0,0.0,0.0
409,freid001,37.0,948.0,315,13,2.0,2,3.0,0.0,16.0,5.0,0.0
410,frenj101,193.0,5120.0,1052,128,22.0,16,16.0,45.0,98.0,85.0,3.0
411,fribb101,0.0,0.0,0,0,0.0,0,0.0,0.0,0.0,0.0,0.0
412,fry-j102,2.0,72.0,16,1,0.0,0,0.0,0.0,8.0,0.0,0.0
413,fryee001,85.0,2490.0,689,37,6.0,4,5.0,0.0,54.0,16.0,0.0
414,fuhro101,0.0,0.0,5,0,0.0,0,0.0,0.0,0.0,0.0,0.0
415,fussl101,0.0,0.0,117,13,1.0,1,4.0,0.0,0.0,0.0,0.0
416,gafff101,0.0,0.0,1,1,0.0,0,0.0,0.0,0.0,0.0,0.0
417,galer002,4.0,126.0,40,0,1.0,0,0.0,0.0,5.0,0.0,0.0
418,gallc001,24.0,649.0,169,4,1.0,0,1.0,0.0,11.0,3.0,0.0
419,garaj101,50.0,1296.0,2395,271,38.0,29,35.0,4.0,16.0,7.0,0.0
420,garbb102,0.0,0.0,399,45,2.0,9,9.0,0.0,0.0,0.0,0.0
421,garbm101,0.0,0.0,574,88,12.0,19,8.0,0.0,0.0,0.0,0.0
422,garca006,7.0,180.0,54,3,0.0,0,0.0,0.0,3.0,1.0,0.0
423,garcg001,9.0,261.0,79,6,1.0,1,2.0,0.0,9.0,7.0,0.0
424,garnd001,71.0,1956.0,523,40,5.0,2,9.0,0.0,25.0,17.0,0.0
425,garra101,7.0,312.0,64,7,3.0,1,7.0,0.0,11.0,4.0,0.0
426,garrh101,0.0,0.0,11,5,1.0,0,1.0,0.0,0.0,0.0,0.0
427,garvm001,79.0,2160.0,671,37,5.0,2,10.0,0.0,52.0,12.0,0.0
428,gasta101,0.0,0.0,487,109,13.0,11,9.0,0.0,0.0,0.0,0.0
429,gastt101,13.0,515.0,95,7,1.0,2,1.0,6.0,7.0,2.0,0.0
430,gatte001,224.0,6035.0,1925,123,18.0,8,16.0,0.0,119.0,38.0,0.0
431,gaudj101,3.0,105.0,27,1,1.0,0,0.0,0.0,3.0,0.0,0.0
432,gauts101,0.0,0.0,23,3,1.0,2,0.0,0.0,0.0,0.0,0.0
433,gedmr001,848.0,22833.0,5274,431,92.0,62,84.0,0.0,633.0,314.0,0.0
434,georg101,0.0,0.0,413,44,8.0,7,7.0,0.0,0.0,0.0,0.0
435,gereb001,222.0,6028.0,1319,126,12.0,17,18.0,0.0,147.0,89.0,0.0
436,gharp101,0.0,0.0,1486,441,52.0,48,24.0,0.0,0.0,0.0,0.0
437,gibbj001,14.0,384.0,87,10,1.0,1,0.0,0.0,14.0,6.0,0.0
438,gibbj101,426.0,11500.0,2441,209,37.0,27,20.0,53.0,140.0,108.0,3.0
439,gibsc101,0.0,0.0,14,6,3.0,0,0.0,0.0,0.0,0.0,0.0
440,gibsf101,0.0,0.0,822,214,31.0,26,15.0,0.0,0.0,0.0,0.0
441,gibsr102,216.0,5949.0,1369,105,26.0,14,31.0,72.0,115.0,69.0,2.0
442,gil-g001,236.0,6350.0,1537,136,14.0,24,31.0,0.0,141.0,64.0,0.0
443,giled101,4.0,192.0,35,4,0.0,1,0.0,2.0,4.0,2.0,0.0
444,gilhg101,0.0,0.0,2,1,1.0,0,0.0,0.0,0.0,0.0,0.0
445,gillp103,0.0,0.0,196,28,5.0,1,3.0,0.0,0.0,0.0,0.0
446,gimec001,243.0,6435.0,1841,123,15.0,18,19.0,0.0,145.0,50.0,0.0
447,gimeh001,21.0,605.0,170,12,2.0,3,5.0,0.0,16.0,6.0,0.0
448,ginsj101,204.0,5816.0,2304,234,44.0,40,63.0,40.0,64.0,51.0,4.0
449,giraj001,1128.0,30184.0,7619,605,77.0,77,82.0,0.0,798.0,384.0,0.0
450,giult101,0.0,0.0,786,109,22.0,16,20.0,0.0,0.0,0.0,0.0
451,gladj101,0.0,0.0,31,2,0.0,0,1.0,0.0,0.0,0.0,0.0
452,glenj101,0.0,0.0,822,113,27.0,11,12.0,0.0,0.0,0.0,0.0
453,goddj101,12.0,303.0,67,5,2.0,1,2.0,0.0,15.0,3.0,0.0
454,goffj001,59.0,1589.0,375,30,11.0,5,21.0,0.0,58.0,17.0,0.0
455,goggc101,0.0,12.0,1,0,0.0,0,0.0,0.0,0.0,0.0,0.0
456,gomer001,12.0,279.0,69,8,4.0,1,1.0,0.0,22.0,2.0,0.0
457,gomey001,561.0,15085.0,4967,337,41.0,32,30.0,0.0,235.0,125.0,0.0
458,gondj101,186.0,5178.0,1020,153,23.0,20,46.0,76.0,113.0,68.0,7.0
459,gonza006,3.0,72.0,21,1,1.0,0,1.0,0.0,2.0,1.0,0.0
460,gonzl002,0.0,16.0,4,0,0.0,0,0.0,0.0,0.0,0.0,0.0
461,gonzm004,1.0,54.0,12,1,0.0,0,0.0,0.0,2.0,0.0,0.0
462,gonzm101,0.0,0.0,1732,352,31.0,54,27.0,0.0,0.0,0.0,0.0
463,gonzw001,219.0,5884.0,1515,128,18.0,24,24.0,0.0,115.0,71.0,0.0
464,goocj101,0.0,0.0,2279,511,78.0,70,37.0,0.0,0.0,0.0,0.0
465,goosg101,28.0,828.0,182,12,5.0,2,6.0,10.0,31.0,8.0,0.0
466,gordm101,6.0,214.0,45,1,1.0,1,0.0,0.0,11.0,1.0,0.0
467,goset001,111.0,3034.0,900,65,4.0,4,6.0,0.0,49.0,26.0,0.0
468,gowdh101,0.0,0.0,1380,435,36.0,44,13.0,0.0,0.0,0.0,0.0
469,grabj101,0.0,0.0,909,172,23.0,17,11.0,0.0,0.0,0.0,0.0
470,grace101,0.0,0.0,1977,247,30.0,49,12.0,0.0,0.0,0.0,0.0
471,gracj101,0.0,0.0,36,3,2.0,1,5.0,0.0,0.0,0.0,0.0
472,grahd101,99.0,2501.0,466,55,11.0,4,13.0,0.0,58.0,39.0,0.0
473,grahr101,0.0,0.0,81,15,5.0,1,3.0,0.0,0.0,0.0,0.0
474,grany001,574.0,15526.0,5143,296,32.0,26,64.0,0.0,315.0,109.0,0.0
475,grasm101,3.0,126.0,1166,158,49.0,20,21.0,3.0,3.0,1.0,0.0
476,gratj001,32.0,925.0,284,30,1.0,1,0.0,0.0,24.0,12.0,0.0
477,graym101,0.0,0.0,10,0,0.0,0,0.0,0.0,0.0,0.0,0.0
478,greec002,21.0,667.0,180,12,1.0,0,2.0,0.0,18.0,5.0,0.0
479,greed102,0.0,9.0,0,0,0.0,0,0.0,0.0,0.0,0.0,0.0
480,greeg101,134.0,3464.0,684,52,10.0,5,22.0,54.0,66.0,20.0,1.0
481,greem001,0.0,3.0,3,0,1.0,0,0.0,0.0,2.0,0.0,0.0
482,greet003,255.0,6782.0,1495,113,14.0,13,26.0,0.0,203.0,70.0,0.0
483,gregt002,6.0,180.0,44,2,1.0,0,3.0,0.0,3.0,2.0,0.0
484,greig001,30.0,777.0,238,12,1.0,1,3.0,0.0,17.0,5.0,0.0
485,gremb101,0.0,0.0,0,0,0.0,0,0.0,0.0,0.0,0.0,0.0
486,griet102,0.0,0.0,2,0,0.0,0,0.0,0.0,0.0,0.0,0.0
487,grotj001,0.0,12.0,3,0,0.0,0,0.0,0.0,0.0,0.0,0.0
488,grotj101,1234.0,32827.0,8081,635,78.0,76,75.0,177.0,579.0,350.0,17.0
489,grubf101,0.0,0.0,1173,208,42.0,20,17.0,0.0,0.0,0.0,0.0
490,gubac001,10.0,248.0,39,8,1.0,1,3.0,0.0,8.0,3.0,0.0
491,guerm102,0.0,0.0,1637,242,48.0,33,41.0,0.0,0.0,0.0,0.0
492,guldb001,120.0,3271.0,730,84,15.0,13,12.0,0.0,111.0,55.0,0.0
493,gustf101,0.0,0.0,4,0,0.0,0,0.0,0.0,0.0,0.0,0.0
494,guzme001,18.0,521.0,110,10,1.0,1,1.0,0.0,6.0,5.0,0.0
495,gwosd001,24.0,853.0,194,13,4.0,3,3.0,0.0,16.0,9.0,0.0
496,haady001,10.0,269.0,61,6,3.0,1,0.0,0.0,5.0,5.0,0.0
497,haase001,2.0,96.0,29,0,1.0,0,0.0,0.0,5.0,0.0,0.0
498,haefb101,0.0,0.0,195,48,8.0,1,2.0,0.0,0.0,0.0,0.0
499,hahnd101,0.0,0.0,1,2,0.0,0,0.0,0.0,0.0,0.0,0.0
500,hairj101,1.0,15.0,3,1,0.0,0,1.0,0.0,0.0,0.0,0.0
501,hairs101,0.0,0.0,3,0,0.0,0,0.0,0.0,0.0,0.0,0.0
502,hallb105,39.0,1053.0,206,25,4.0,5,4.0,4.0,20.0,11.0,1.0
503,hallt001,635.0,16768.0,3795,260,44.0,30,37.0,0.0,312.0,154.0,0.0
504,hallt102,1080.0,28997.0,7012,508,64.0,86,121.0,239.0,485.0,258.0,22.0
505,halts001,0.0,6.0,1,0,0.0,0,0.0,0.0,0.0,0.0,0.0
506,hambj101,0.0,0.0,52,17,9.0,1,3.0,0.0,0.0,0.0,0.0
507,hammr001,83.0,2361.0,709,48,3.0,10,10.0,0.0,57.0,24.0,0.0
508,hampi101,28.0,1097.0,220,21,12.0,2,4.0,0.0,30.0,18.0,0.0
509,hancb101,0.0,0.0,1,0,0.0,0,0.0,0.0,0.0,0.0,0.0
510,hanel101,283.0,7912.0,1659,178,28.0,19,27.0,65.0,172.0,110.0,3.0
511,hanir001,570.0,15535.0,4440,291,20.0,40,39.0,0.0,240.0,137.0,0.0
512,hannt101,0.0,0.0,606,130,21.0,13,12.0,0.0,0.0,0.0,0.0
513,hargb101,0.0,0.0,2370,479,46.0,46,46.0,0.0,0.0,0.0,0.0
514,hargc101,0.0,0.0,1178,255,33.0,29,20.0,0.0,0.0,0.0,0.0
515,hargp101,0.0,0.0,1445,246,41.0,38,30.0,0.0,0.0,0.0,0.0
516,harmb102,0.0,0.0,4,2,0.0,0,0.0,0.0,0.0,0.0,0.0
517,harpb001,639.0,16734.0,3618,272,58.0,35,55.0,0.0,521.0,231.0,0.0
518,harpb002,13.0,312.0,77,1,1.0,0,0.0,0.0,9.0,0.0,0.0
519,harrj106,2.0,54.0,10,1,0.0,0,0.0,2.0,0.0,0.0,0.0
520,harss101,0.0,0.0,203,31,4.0,3,7.0,0.0,0.0,0.0,0.0
521,hartc101,0.0,0.0,9,1,1.0,0,1.0,0.0,0.0,0.0,0.0
522,hartg102,0.0,0.0,362,82,13.0,13,9.0,0.0,0.0,0.0,0.0
523,hartg103,0.0,0.0,7292,1254,139.0,163,126.0,0.0,0.0,0.0,0.0
524,haseb001,410.0,11318.0,2828,187,27.0,18,40.0,0.0,337.0,122.0,0.0
525,hassr001,853.0,22269.0,4828,364,39.0,54,67.0,0.0,579.0,262.0,0.0
526,hatcc002,2.0,68.0,20,2,0.0,0,0.0,0.0,0.0,1.0,0.0
527,hatts001,327.0,8693.0,2190,168,27.0,27,61.0,0.0,375.0,99.0,0.0
528,hayeb001,112.0,3161.0,830,64,6.0,7,6.0,0.0,72.0,24.0,0.0
529,hayeb101,2.0,60.0,9,2,0.0,0,0.0,0.0,3.0,3.0,0.0
530,hayef101,0.0,0.0,4938,661,129.0,106,139.0,0.0,0.0,0.0,0.0
531,haywr101,0.0,0.0,2581,348,40.0,46,36.0,0.0,0.0,0.0,0.0
532,haywr102,0.0,0.0,555,62,15.0,9,7.0,0.0,0.0,0.0,0.0
533,healf101,0.0,0.0,56,6,2.0,1,3.0,0.0,0.0,0.0,0.0
534,healf102,363.0,9766.0,1833,177,41.0,13,35.0,1.0,216.0,128.0,0.0
535,heare001,42.0,1217.0,260,12,3.0,1,5.0,0.0,39.0,10.0,0.0
536,hearj001,9.0,274.0,63,4,1.0,0,1.0,0.0,7.0,3.0,0.0
537,heatb101,41.0,1124.0,269,29,2.0,4,6.0,13.0,29.0,19.0,1.0
538,heatm001,935.0,25126.0,4919,537,106.0,73,65.0,0.0,571.0,327.0,0.0
539,heatt101,0.0,0.0,467,58,7.0,9,11.0,0.0,0.0,0.0,0.0
540,hedga001,237.0,6212.0,2082,118,26.0,14,9.0,0.0,125.0,57.0,0.0
541,heffb001,3.0,78.0,19,1,0.0,0,1.0,0.0,4.0,1.0,0.0
542,hegaj101,457.0,12344.0,7506,695,86.0,136,75.0,64.0,120.0,83.0,6.0
543,heinc001,20.0,598.0,154,6,0.0,0,1.0,0.0,16.0,2.0,0.0
544,helfe001,30.0,867.0,204,20,1.0,5,0.0,0.0,24.0,10.0,0.0
545,helfh101,0.0,0.0,265,56,12.0,8,6.0,0.0,0.0,0.0,0.0
546,hemos001,126.0,3535.0,796,74,8.0,8,18.0,0.0,92.0,56.0,0.0
547,hempb001,7.0,207.0,36,6,2.0,1,1.0,0.0,5.0,5.0,0.0
548,hemsr101,0.0,0.0,5868,897,154.0,141,75.0,0.0,0.0,0.0,0.0
549,hende103,500.0,13718.0,2783,228,31.0,29,58.0,30.0,259.0,161.0,1.0
550,henlb001,30.0,812.0,189,14,1.0,1,3.0,0.0,20.0,10.0,0.0
551,henlb101,0.0,0.0,1928,494,72.0,67,34.0,0.0,0.0,0.0,0.0
552,henrr101,11.0,322.0,75,8,1.0,2,1.0,2.0,4.0,3.0,1.0
553,hernc001,317.0,8834.0,2349,218,38.0,21,36.0,0.0,242.0,120.0,0.0
554,hernc101,0.0,0.0,272,38,7.0,1,8.0,0.0,0.0,0.0,0.0
555,hernm002,34.0,931.0,247,12,3.0,2,1.0,0.0,17.0,5.0,0.0
556,herno002,10.0,319.0,99,11,0.0,2,3.0,0.0,1.0,1.0,0.0
557,hernr002,1354.0,35603.0,9012,613,97.0,93,80.0,0.0,790.0,346.0,0.0
558,hernt001,0.0,15.0,1,0,0.0,0,0.0,0.0,0.0,0.0,0.0
559,herrc001,142.0,3809.0,1023,77,8.0,5,7.0,0.0,75.0,36.0,0.0
560,herre102,746.0,19503.0,4230,442,61.0,65,125.0,28.0,496.0,252.0,1.0
561,hersw101,0.0,0.0,433,45,10.0,4,6.0,0.0,0.0,0.0,0.0
562,hestj001,60.0,1641.0,430,22,0.0,4,5.0,0.0,57.0,10.0,0.0
563,hevij102,0.0,0.0,975,184,23.0,17,18.0,0.0,0.0,0.0,0.0
564,hiatj101,269.0,7111.0,1623,120,18.0,19,28.0,38.0,131.0,69.0,0.0
565,hickj001,42.0,1146.0,333,32,6.0,5,1.0,0.0,24.0,12.0,0.0
566,hietj001,0.0,3.0,2,0,0.0,0,0.0,0.0,0.0,0.0,0.0
567,higak001,25.0,720.0,280,16,1.0,1,3.0,0.0,17.0,3.0,0.0
568,higgk001,47.0,1237.0,308,31,6.0,1,10.0,0.0,43.0,16.0,0.0
569,hillk002,259.0,7142.0,2036,137,18.0,21,13.0,0.0,152.0,54.0,0.0
570,hillm001,537.0,14299.0,2961,281,33.0,31,16.0,0.0,374.0,201.0,0.0
571,hills004,0.0,12.0,2,0,0.0,0,0.0,0.0,0.0,0.0,0.0
572,hinca001,299.0,7825.0,1672,121,24.0,16,26.0,0.0,196.0,72.0,0.0
573,hinkg101,0.0,0.0,107,11,1.0,2,1.0,0.0,0.0,0.0,0.0
574,hintc101,8.0,219.0,50,2,0.0,0,6.0,0.0,3.0,3.0,0.0
575,hodgg101,0.0,9.0,242,24,8.0,7,4.0,0.0,0.0,0.0,0.0
576,hodgr001,369.0,9977.0,2095,211,52.0,26,31.0,0.0,326.0,144.0,0.0
577,hoffj104,6.0,132.0,26,1,0.0,0,2.0,2.0,5.0,0.0,0.0
578,hoffs101,0.0,0.0,392,56,7.0,11,4.0,0.0,0.0,0.0,0.0
579,hofmb101,10.0,336.0,71,7,0.0,2,1.0,1.0,3.0,1.0,0.0
580,hofmf101,0.0,0.0,1113,208,42.0,21,38.0,0.0,0.0,0.0,0.0
581,hogas101,0.0,0.0,3190,493,56.0,73,36.0,0.0,0.0,0.0,0.0
582,hoilc001,776.0,20298.0,4830,320,29.0,49,29.0,0.0,589.0,228.0,0.0
583,holab001,147.0,4168.0,1131,76,10.0,10,7.0,0.0,94.0,45.0,0.0
584,holbs101,0.0,0.0,145,12,8.0,0,4.0,0.0,0.0,0.0,0.0
585,holdj102,0.0,0.0,21,4,0.0,0,0.0,0.0,0.0,0.0,0.0
586,holmb101,0.0,0.0,357,52,8.0,5,9.0,0.0,0.0,0.0,0.0
587,holms002,26.0,829.0,237,7,0.0,1,1.0,0.0,26.0,4.0,0.0
588,holmw101,0.0,0.0,15,3,1.0,1,0.0,0.0,0.0,0.0,0.0
589,holtj101,0.0,6.0,0,0,0.0,0,0.0,0.0,2.0,0.0,0.0
590,hoovp001,26.0,727.0,172,14,3.0,0,5.0,0.0,15.0,8.0,0.0
591,hopkg101,0.0,75.0,19,1,0.0,0,1.0,0.0,0.0,0.0,0.0
592,hoslt101,67.0,2259.0,502,48,18.0,3,10.0,0.0,57.0,25.0,0.0
593,hostd001,0.0,6.0,0,0,0.0,0,0.0,0.0,0.0,0.0,0.0
594,houkr101,0.0,0.0,231,21,5.0,2,2.0,0.0,0.0,0.0,0.0
595,housf103,509.0,13554.0,2642,258,34.0,38,29.0,85.0,143.0,127.0,8.0
596,housj001,8.0,231.0,58,3,0.0,0,2.0,0.0,4.0,1.0,0.0
597,houst001,149.0,3822.0,1018,61,17.0,7,16.0,0.0,141.0,41.0,0.0
598,howac001,8.0,297.0,62,5,0.0,1,1.0,0.0,3.0,5.0,0.0
599,howae101,1066.0,28607.0,6447,479,51.0,87,75.0,248.0,285.0,223.0,20.0
600,howal102,99.0,2727.0,641,46,10.0,4,13.0,0.0,50.0,29.0,0.0
601,howaw101,0.0,29.0,4,1,0.0,0,1.0,0.0,2.0,0.0,0.0
602,howed102,13.0,378.0,1189,133,22.0,13,26.0,4.0,2.0,1.0,0.0
603,hrinw101,25.0,685.0,162,8,4.0,1,4.0,14.0,17.0,3.0,0.0
604,hubbm001,42.0,1245.0,307,17,2.0,2,4.0,0.0,53.0,13.0,0.0
605,hubbt001,0.0,9.0,1,0,0.0,0,0.0,0.0,0.0,0.0,0.0
606,huckk001,124.0,3366.0,777,54,10.0,13,17.0,0.0,65.0,34.0,0.0
607,hudsj002,4.0,114.0,39,2,0.0,0,0.0,0.0,3.0,0.0,0.0
608,huffb101,0.0,0.0,140,20,5.0,4,3.0,0.0,0.0,0.0,0.0
609,hughb001,76.0,2190.0,546,44,4.0,7,11.0,0.0,63.0,20.0,0.0
610,humpt101,344.0,8839.0,2042,202,31.0,30,22.0,0.0,265.0,168.0,0.0
611,hundn001,796.0,21500.0,5878,442,61.0,55,56.0,0.0,553.0,198.0,0.0
612,hundr101,951.0,25460.0,5765,493,61.0,65,54.0,137.0,396.0,288.0,9.0
613,hundt001,973.0,25818.0,6535,472,88.0,51,75.0,0.0,793.0,267.0,0.0
614,hungb101,0.0,0.0,159,25,6.0,2,1.0,0.0,0.0,0.0,0.0
615,huntr001,20.0,609.0,168,9,6.0,2,4.0,0.0,23.0,6.0,0.0
616,huppd001,8.0,234.0,48,3,2.0,2,1.0,0.0,7.0,2.0,0.0
617,hurdc001,15.0,421.0,98,7,0.0,0,5.0,0.0,16.0,5.0,0.0
618,huttj101,1.0,90.0,21,1,0.0,0,2.0,0.0,6.0,0.0,0.0
619,iannc001,995.0,26810.0,7313,532,41.0,49,66.0,0.0,588.0,191.0,0.0
620,ibanr001,0.0,12.0,4,0,0.0,0,0.0,0.0,0.0,0.0,0.0
621,ingeb001,342.0,9095.0,1893,216,10.0,22,40.0,0.0,200.0,114.0,0.0
622,iviem101,5.0,159.0,34,2,2.0,0,0.0,0.0,10.0,1.0,0.0
623,izquh101,9.0,237.0,65,7,1.0,1,3.0,5.0,3.0,3.0,0.0
624,janov101,0.0,0.0,104,15,8.0,2,7.0,0.0,0.0,0.0,0.0
625,jansd001,23.0,621.0,169,13,2.0,1,0.0,0.0,28.0,5.0,0.0
626,jaraj001,90.0,2447.0,557,42,7.0,7,5.0,0.0,59.0,25.0,0.0
627,jarvr102,0.0,0.0,55,8,3.0,1,1.0,0.0,0.0,0.0,0.0
628,jasoj001,276.0,7311.0,1971,94,13.0,11,17.0,0.0,178.0,37.0,0.0
629,jatap101,0.0,3.0,0,0,0.0,0,0.0,0.0,0.0,0.0,0.0
630,jenkj102,0.0,0.0,10,4,3.0,0,0.0,0.0,0.0,0.0,0.0
631,jensm001,92.0,2595.0,622,51,10.0,7,10.0,0.0,47.0,33.0,0.0
632,jimea001,1.0,60.0,16,1,0.0,0,0.0,0.0,0.0,0.0,0.0
633,johjk001,421.0,11078.0,2732,183,18.0,34,26.0,0.0,174.0,116.0,0.0
634,johnb002,367.0,9832.0,2602,157,20.0,20,30.0,0.0,255.0,105.0,0.0
635,johnb101,63.0,1671.0,344,20,0.0,5,7.0,0.0,30.0,17.0,0.0
636,johnc001,149.0,4112.0,770,76,21.0,11,27.0,0.0,153.0,53.0,0.0
637,johnc002,1108.0,29158.0,7218,568,51.0,107,52.0,0.0,530.0,343.0,0.0
638,johnd106,60.0,1603.0,512,62,7.0,11,11.0,23.0,32.0,26.0,0.0
639,johnl103,6.0,177.0,35,4,1.0,0,0.0,0.0,9.0,3.0,0.0
640,johnm003,295.0,7781.0,1842,126,14.0,16,24.0,0.0,161.0,93.0,0.0
641,johnr002,0.0,12.0,3,0,0.0,0,0.0,0.0,0.0,0.0,0.0
642,johnr009,214.0,5850.0,1448,158,10.0,13,26.0,0.0,132.0,48.0,0.0
643,jolls101,0.0,0.0,21,2,0.0,0,1.0,0.0,0.0,0.0,0.0
644,jonet002,0.0,3.0,0,0,0.0,0,0.0,0.0,0.0,0.0,0.0
645,jonnb101,0.0,0.0,197,45,10.0,6,4.0,0.0,0.0,0.0,0.0
646,jordt102,0.0,0.0,91,12,4.0,1,3.0,0.0,0.0,0.0,0.0
647,jorga101,0.0,0.0,1128,92,28.0,19,10.0,0.0,0.0,0.0,0.0
648,jorgr001,5.0,143.0,37,1,1.0,0,0.0,0.0,2.0,0.0,0.0
649,josec002,358.0,9484.0,2775,179,19.0,22,22.0,0.0,178.0,81.0,0.0
650,josed101,386.0,10100.0,2109,216,25.0,32,44.0,62.0,192.0,102.0,3.0
651,justj101,0.0,0.0,43,5,3.0,2,0.0,0.0,0.0,0.0,0.0
652,jutzs101,179.0,5016.0,1001,99,19.0,16,27.0,0.0,128.0,63.0,0.0
653,karkr001,776.0,20918.0,4757,404,42.0,49,50.0,0.0,401.0,281.0,0.0
654,kattr101,290.0,7856.0,1553,143,32.0,21,44.0,27.0,55.0,57.0,2.0
655,kearb001,402.0,10681.0,2416,224,34.0,25,34.0,0.0,224.0,159.0,0.0
656,keare101,0.0,0.0,42,7,0.0,0,1.0,0.0,0.0,0.0,0.0
657,keatg101,0.0,6.0,1,0,0.0,0,0.0,0.0,0.0,0.0,0.0
658,keelb101,0.0,0.0,2,0,0.0,0,0.0,0.0,0.0,0.0,0.0
659,kellc002,27.0,894.0,265,16,1.0,0,0.0,0.0,11.0,5.0,0.0
660,kelld001,0.0,18.0,3,0,0.0,0,1.0,0.0,0.0,0.0,0.0
661,kellh103,0.0,0.0,50,5,1.0,1,1.0,0.0,0.0,0.0,0.0
662,kellp102,2.0,57.0,17,0,0.0,0,2.0,0.0,0.0,0.0,0.0
663,kenda101,4.0,170.0,27,3,0.0,1,4.0,4.0,5.0,1.0,0.0
664,kendf101,690.0,18640.0,3733,336,54.0,51,33.0,7.0,502.0,224.0,0.0
665,kendj001,1990.0,52435.0,13019,989,144.0,148,104.0,0.0,1222.0,495.0,0.0
666,kenne104,0.0,0.0,104,26,8.0,3,5.0,0.0,0.0,0.0,0.0
667,kennt001,1271.0,33540.0,6555,623,106.0,92,68.0,0.0,1051.0,478.0,0.0
668,kiebs001,39.0,1043.0,297,21,3.0,2,3.0,0.0,16.0,11.0,0.0
669,killb101,0.0,0.0,929,247,24.0,19,7.0,0.0,0.0,0.0,0.0
670,kimmb101,140.0,3746.0,704,63,18.0,7,7.0,0.0,96.0,58.0,0.0
671,kinei001,35.0,916.0,227,15,1.0,2,4.0,0.0,17.0,8.0,0.0
672,kingh102,160.0,4382.0,948,71,19.0,6,28.0,15.0,84.0,37.0,0.0
673,kingj101,0.0,12.0,1,0,0.0,0,1.0,0.0,1.0,0.0,0.0
674,kinkm001,2.0,51.0,14,1,0.0,0,0.0,0.0,2.0,0.0,0.0
675,kirke102,262.0,7071.0,1534,154,31.0,23,24.0,2.0,139.0,92.0,0.0
676,klevj101,0.0,33.0,10,0,0.0,0,0.0,0.0,0.0,0.0,0.0
677,kliml101,0.0,3.0,0,0,0.0,0,0.0,0.0,0.0,0.0,0.0
678,klinj102,0.0,0.0,2,0,0.0,0,0.0,0.0,0.0,0.0,0.0
679,klume101,0.0,0.0,31,2,2.0,0,3.0,0.0,0.0,0.0,0.0
680,klutc101,0.0,0.0,1893,331,49.0,46,25.0,0.0,0.0,0.0,0.0
681,kmakj001,53.0,1383.0,265,31,0.0,4,5.0,0.0,38.0,20.0,0.0
682,knapa001,93.0,2523.0,812,43,12.0,6,9.0,0.0,65.0,15.0,0.0
683,knica001,75.0,2150.0,468,41,11.0,4,9.0,0.0,82.0,27.0,0.0
684,knoej001,1.0,88.0,21,1,0.0,0,1.0,0.0,2.0,0.0,0.0
685,knorr001,192.0,5094.0,1281,99,14.0,11,22.0,0.0,173.0,57.0,0.0
686,knoxc101,0.0,0.0,23,10,3.0,2,2.0,0.0,0.0,0.0,0.0
687,koban101,3.0,96.0,26,3,0.0,0,2.0,3.0,0.0,0.0,1.0
688,koegp101,4.0,162.0,29,4,1.0,2,3.0,0.0,6.0,1.0,0.0
689,kolbg101,7.0,248.0,54,7,0.0,1,3.0,4.0,4.0,1.0,0.0
690,kopsg101,0.0,0.0,2,0,0.0,0,0.0,0.0,0.0,0.0,0.0
691,korcs101,38.0,1090.0,222,25,6.0,7,6.0,11.0,19.0,11.0,2.0
692,kottg001,202.0,5402.0,1423,68,13.0,6,21.0,0.0,160.0,34.0,0.0
693,kracj101,0.0,0.0,1,0,0.0,0,0.0,0.0,0.0,0.0,0.0
694,krate001,205.0,5642.0,1716,111,7.0,15,12.0,0.0,115.0,56.0,0.0
695,kravd101,127.0,3573.0,656,68,20.0,11,18.0,38.0,61.0,22.0,1.0
696,kreim101,0.0,0.0,112,14,1.0,3,0.0,0.0,0.0,0.0,0.0
697,kremj001,21.0,520.0,107,10,1.0,2,2.0,0.0,24.0,5.0,0.0
698,kreuc001,707.0,19410.0,4571,370,50.0,47,73.0,0.0,453.0,260.0,0.0
699,kruee101,0.0,0.0,724,185,36.0,13,19.0,0.0,0.0,0.0,0.0
700,krugc101,59.0,1589.0,356,34,8.0,7,7.0,16.0,26.0,19.0,2.0
701,kusna101,92.0,2620.0,596,61,20.0,7,17.0,0.0,69.0,32.0,0.0
702,kutcr001,0.0,8.0,1,0,0.0,0,0.0,0.0,0.0,0.0,0.0
703,lachr101,69.0,2036.0,453,33,11.0,4,5.0,26.0,56.0,10.0,1.0
704,lafop001,24.0,641.0,139,5,1.0,1,1.0,0.0,16.0,4.0,0.0
705,lafrr101,1.0,69.0,15,0,0.0,0,0.0,0.0,0.0,0.0,0.0
706,lairg001,679.0,18015.0,4509,380,52.0,60,55.0,0.0,387.0,207.0,0.0
707,lakea101,2.0,54.0,513,57,15.0,10,17.0,0.0,0.0,0.0,0.0
708,lakes001,315.0,8332.0,1671,210,20.0,17,16.0,0.0,185.0,152.0,0.0
709,laket001,170.0,4847.0,1146,100,21.0,13,28.0,0.0,158.0,44.0,0.0
710,lallb001,3.0,86.0,22,0,0.0,0,0.0,0.0,4.0,0.0,0.0
711,lamar101,0.0,0.0,1737,207,40.0,30,24.0,0.0,0.0,0.0,0.0
712,lambm001,1.0,21.0,10,1,0.0,0,1.0,0.0,3.0,0.0,0.0
713,lamog101,46.0,1419.0,344,34,9.0,0,8.0,0.0,35.0,22.0,0.0
714,lampt001,438.0,12161.0,2918,235,36.0,35,31.0,0.0,269.0,144.0,0.0
715,landh101,479.0,13144.0,3116,284,59.0,43,38.0,94.0,180.0,113.0,18.0
716,lapap101,0.0,0.0,36,10,2.0,0,1.0,0.0,0.0,0.0,0.0
717,laruj001,768.0,20540.0,4751,422,48.0,49,75.0,0.0,297.0,186.0,0.0
718,lau-c101,276.0,7311.0,1608,104,21.0,17,31.0,64.0,129.0,49.0,5.0
719,laudt001,570.0,14971.0,3122,217,53.0,31,31.0,0.0,415.0,176.0,0.0
720,lavam001,747.0,19697.0,4138,416,35.0,53,34.0,0.0,566.0,330.0,0.0
721,lavar001,74.0,2011.0,556,31,6.0,5,7.0,0.0,63.0,16.0,0.0
722,lawlt001,0.0,3.0,1,1,0.0,0,0.0,0.0,0.0,1.0,0.0
723,lawrj101,0.0,9.0,3,0,1.0,0,0.0,0.0,3.0,0.0,0.0
724,lazoj101,0.0,0.0,1,0,0.0,0,0.0,0.0,0.0,0.0,0.0
725,lecrm001,100.0,2619.0,634,27,13.0,8,10.0,0.0,80.0,16.0,0.0
726,lee-c101,0.0,0.0,142,44,6.0,3,7.0,0.0,0.0,0.0,0.0
727,leesg101,0.0,0.0,32,7,2.0,1,1.0,0.0,0.0,0.0,0.0
728,lefej001,0.0,33.0,10,0,0.0,1,0.0,0.0,5.0,0.0,0.0
729,legel101,0.0,0.0,98,23,8.0,1,4.0,0.0,0.0,0.0,0.0
730,lembs101,0.0,0.0,25,3,0.0,1,0.0,0.0,0.0,0.0,0.0
731,leons001,281.0,7598.0,2591,156,11.0,18,33.0,0.0,96.0,57.0,0.0
732,leovj101,0.0,0.0,0,0,0.0,0,1.0,0.0,0.0,0.0,0.0
733,leppd101,150.0,3829.0,795,68,13.0,9,24.0,33.0,63.0,19.0,2.0
734,leriw101,0.0,0.0,510,130,12.0,25,3.0,0.0,0.0,0.0,0.0
735,lerus001,4.0,114.0,28,0,0.0,0,0.0,0.0,2.0,0.0,0.0
736,levij001,151.0,4440.0,1065,70,6.0,12,13.0,0.0,117.0,41.0,0.0
737,lewib101,0.0,0.0,93,13,2.0,1,3.0,0.0,0.0,0.0,0.0
738,leyrj001,265.0,7044.0,1789,137,10.0,11,41.0,0.0,200.0,84.0,0.0
739,lickj101,0.0,3.0,1,0,0.0,0,0.0,0.0,0.0,0.0,0.0
740,liddd001,0.0,3.0,1,0,0.0,0,0.0,0.0,0.0,0.0,0.0
741,liebm001,1109.0,29486.0,7829,490,72.0,64,74.0,0.0,592.0,248.0,0.0
742,lindb001,5.0,159.0,28,4,0.0,1,0.0,0.0,2.0,4.0,0.0
743,lindc102,0.0,15.0,2,0,0.0,0,1.0,0.0,0.0,0.0,0.0
744,lindd001,1.0,51.0,14,0,0.0,0,1.0,0.0,0.0,0.0,0.0
745,lindw101,0.0,0.0,5,0,0.0,0,0.0,0.0,0.0,0.0,0.0
746,lintb101,0.0,0.0,6,3,0.0,0,0.0,0.0,0.0,0.0,0.0
747,lipsb101,0.0,6.0,3,0,0.0,0,0.0,0.0,0.0,0.0,0.0
748,lis-j101,0.0,12.0,0,0,0.0,0,0.0,0.0,0.0,0.0,0.0
749,littd101,70.0,1857.0,417,51,7.0,8,7.0,0.0,73.0,34.0,0.0
750,littg001,0.0,15.0,5,0,0.0,0,0.0,0.0,1.0,0.0,0.0
751,livim101,0.0,0.0,1728,209,32.0,26,25.0,0.0,0.0,0.0,0.0
752,lobaj001,325.0,8947.0,2841,183,21.0,21,16.0,0.0,227.0,61.0,0.0
753,lodup001,887.0,23460.0,6311,491,66.0,61,51.0,0.0,610.0,267.0,0.0
754,lolls101,926.0,24693.0,7059,688,62.0,101,53.0,143.0,223.0,202.0,17.0
755,lomas001,0.0,15.0,7,2,0.0,0,0.0,0.0,0.0,2.0,0.0
756,lombe101,0.0,0.0,5694,845,143.0,107,152.0,0.0,0.0,0.0,0.0
757,lombp001,12.0,399.0,109,8,3.0,1,1.0,0.0,20.0,2.0,0.0
758,longd101,0.0,5.0,0,1,0.0,0,1.0,0.0,0.0,0.0,0.0
759,longj103,0.0,0.0,1,0,0.0,0,0.0,0.0,0.0,0.0,0.0
760,lonnj101,98.0,2751.0,578,29,5.0,7,7.0,23.0,35.0,16.0,1.0
761,lookb101,29.0,848.0,202,20,1.0,5,3.0,12.0,19.0,8.0,1.0
762,lopas101,416.0,11108.0,3406,232,53.0,50,46.0,66.0,149.0,60.0,3.0
763,lopea102,0.0,0.0,6644,1115,122.0,137,66.0,0.0,0.0,0.0,0.0
764,lopej001,1251.0,33226.0,8990,631,73.0,77,97.0,0.0,798.0,309.0,0.0
765,lopel001,6.0,177.0,34,2,0.0,0,2.0,0.0,5.0,3.0,0.0
766,loper002,49.0,1373.0,423,27,4.0,3,1.0,0.0,29.0,5.0,0.0
767,lovij102,0.0,0.0,0,0,0.0,0,0.0,0.0,0.0,0.0,0.0
768,lowrd001,63.0,1846.0,383,26,2.0,4,3.0,0.0,50.0,17.0,0.0
769,lucrj001,957.0,25484.0,7334,536,59.0,51,43.0,0.0,613.0,239.0,0.0
770,lucyd001,11.0,291.0,93,2,0.0,1,0.0,0.0,13.0,3.0,0.0
771,luebr101,0.0,0.0,26,4,0.0,1,1.0,0.0,0.0,0.0,0.0
772,lunaf001,67.0,1852.0,437,46,5.0,5,2.0,0.0,52.0,25.0,0.0
773,lundt101,18.0,555.0,126,8,1.0,2,2.0,0.0,22.0,4.0,0.0
774,lunst001,0.0,24.0,4,0,1.0,0,0.0,0.0,1.0,0.0,0.0
775,lutzr102,0.0,0.0,0,0,0.0,0,0.0,0.0,0.0,0.0,0.0
776,lydem001,1.0,34.0,4,0,0.0,0,0.0,0.0,1.0,0.0,0.0
777,lyncj102,2.0,63.0,10,2,0.0,0,0.0,0.0,1.0,1.0,0.0
778,lyncw101,0.0,0.0,1,1,0.0,0,0.0,0.0,0.0,0.0,0.0
779,lynnb101,0.0,0.0,114,25,2.0,5,2.0,0.0,0.0,0.0,0.0
780,lyonb002,139.0,4080.0,1090,77,23.0,8,20.0,0.0,175.0,52.0,0.0
781,lyonr101,0.0,0.0,7,3,1.0,0,0.0,0.0,0.0,0.0,0.0
782,lyons001,0.0,10.0,0,0,0.0,0,0.0,0.0,0.0,0.0,0.0
783,macfm001,932.0,24941.0,5597,408,49.0,75,100.0,0.0,546.0,265.0,0.0
784,machk101,0.0,18.0,2,0,0.0,0,0.0,0.0,1.0,0.0,0.0
785,machm101,0.0,3.0,0,0,0.0,0,0.0,0.0,0.0,0.0,0.0
786,machr001,172.0,4804.0,1241,129,13.0,21,15.0,0.0,119.0,69.0,0.0
787,macke102,0.0,3.0,0,0,0.0,0,0.0,0.0,0.0,0.0,0.0
788,mackg101,5.0,141.0,22,3,0.0,2,0.0,1.0,2.0,0.0,0.0
789,madis001,5.0,138.0,27,2,3.0,0,0.0,0.0,5.0,1.0,0.0
790,madje101,0.0,0.0,508,72,18.0,18,12.0,0.0,0.0,0.0,0.0
791,magrt001,2.0,102.0,30,2,0.0,0,0.0,0.0,8.0,2.0,0.0
792,mahlg101,5.0,159.0,24,1,0.0,0,0.0,0.0,6.0,1.0,0.0
793,mahom001,31.0,857.0,195,18,2.0,2,1.0,0.0,8.0,4.0,0.0
794,maill001,137.0,3767.0,1182,90,13.0,7,13.0,0.0,72.0,33.0,0.0
795,maksm001,0.0,16.0,3,1,0.0,0,0.0,0.0,0.0,0.0,0.0
796,maldc003,20.0,560.0,124,8,1.0,0,1.0,0.0,12.0,4.0,0.0
797,maldm001,498.0,13371.0,4172,296,35.0,28,34.0,0.0,187.0,113.0,0.0
798,maloe101,0.0,0.0,265,32,2.0,5,3.0,0.0,0.0,0.0,0.0
799,mancf101,0.0,0.0,1220,136,39.0,23,23.0,0.0,0.0,0.0,0.0
800,mancg101,0.0,0.0,5613,803,148.0,100,73.0,0.0,0.0,0.0,0.0
801,mangj101,11.0,300.0,61,6,1.0,2,0.0,2.0,1.0,1.0,0.0
802,manic101,0.0,0.0,1319,256,44.0,28,15.0,0.0,0.0,0.0,0.0
803,mannk001,14.0,374.0,88,8,0.0,1,3.0,0.0,15.0,7.0,0.0
804,mantj001,1.0,48.0,13,2,0.0,0,2.0,0.0,3.0,1.0,0.0
805,manwk001,883.0,23054.0,4946,489,50.0,82,56.0,0.0,569.0,311.0,0.0
806,maplh101,0.0,0.0,34,5,0.0,2,0.0,0.0,0.0,0.0,0.0
807,marjm001,10.0,276.0,82,5,1.0,0,0.0,0.0,3.0,1.0,0.0
808,marre001,248.0,6981.0,1738,133,24.0,24,8.0,0.0,130.0,79.0,0.0
809,marsc102,0.0,0.0,1,0,0.0,0,0.0,0.0,0.0,0.0,0.0
810,marsl001,242.0,6430.0,1576,121,12.0,12,12.0,0.0,181.0,83.0,0.0
811,marta002,154.0,4167.0,1042,75,14.0,15,25.0,0.0,73.0,36.0,0.0
812,martb001,845.0,22026.0,4038,396,70.0,59,49.0,13.0,464.0,258.0,2.0
813,martb101,0.0,0.0,18,0,0.0,0,1.0,0.0,0.0,0.0,0.0
814,martj107,461.0,13656.0,3135,267,45.0,36,121.0,166.0,212.0,110.0,9.0
815,martl002,22.0,616.0,176,8,0.0,1,0.0,0.0,20.0,5.0,0.0
816,martm001,4.0,120.0,18,5,0.0,0,1.0,0.0,10.0,2.0,0.0
817,martm102,12.0,396.0,78,10,5.0,0,5.0,10.0,3.0,4.0,0.0
818,martr004,1455.0,38843.0,11100,912,87.0,78,78.0,0.0,817.0,360.0,0.0
819,martv001,828.0,21603.0,5375,347,42.0,43,37.0,0.0,596.0,183.0,0.0
820,marzj001,223.0,6141.0,1560,123,20.0,18,28.0,0.0,166.0,73.0,0.0
821,masip101,0.0,0.0,3690,495,72.0,59,39.0,0.0,0.0,0.0,0.0
822,massg101,4.0,99.0,21,0,0.0,0,1.0,2.0,1.0,0.0,0.0
823,mathj001,738.0,19448.0,5416,505,49.0,41,47.0,0.0,413.0,167.0,0.0
824,mathm001,1142.0,30158.0,7117,613,44.0,85,60.0,0.0,552.0,298.0,0.0
825,matop001,1.0,42.0,13,1,0.0,0,0.0,0.0,2.0,0.0,0.0
826,mattc102,0.0,0.0,5,2,1.0,0,0.0,0.0,0.0,0.0,0.0
827,mattj101,0.0,0.0,68,19,2.0,2,2.0,0.0,0.0,0.0,0.0
828,mauej001,885.0,23649.0,5831,323,30.0,39,40.0,0.0,364.0,181.0,0.0
829,maxwb001,103.0,2758.0,758,52,1.0,9,4.0,0.0,64.0,24.0,0.0
830,may-j101,454.0,12002.0,2649,248,29.0,36,41.0,69.0,174.0,129.0,6.0
831,may-l001,9.0,243.0,60,3,0.0,0,4.0,0.0,7.0,2.0,0.0
832,may-m001,967.0,25615.0,5091,589,82.0,73,62.0,0.0,724.0,407.0,0.0
833,mayew101,0.0,0.0,84,33,5.0,1,3.0,0.0,0.0,0.0,0.0
834,maynb001,996.0,26674.0,6186,455,45.0,59,51.0,0.0,651.0,269.0,0.0
835,mcavw101,0.0,0.0,182,73,7.0,6,2.0,0.0,0.0,0.0,0.0
836,mcbrm002,11.0,292.0,81,5,0.0,0,3.0,0.0,8.0,1.0,0.0
837,mccab002,1459.0,38469.0,11408,710,92.0,81,77.0,0.0,861.0,288.0,0.0
838,mccaj001,410.0,10904.0,3093,183,11.0,31,22.0,0.0,182.0,106.0,0.0
839,mccaj108,12.0,354.0,64,7,1.0,1,1.0,9.0,5.0,5.0,0.0
840,mccal102,0.0,0.0,224,66,8.0,2,10.0,0.0,0.0,0.0,0.0
841,mccar101,1.0,29.0,5,1,0.0,0,0.0,0.0,1.0,1.0,0.0
842,mccat101,1300.0,34818.0,8206,588,91.0,73,132.0,203.0,636.0,333.0,14.0
843,mccll001,17.0,634.0,157,15,2.0,2,3.0,0.0,15.0,5.0,0.0
844,mccod101,1.0,51.0,10,2,0.0,0,0.0,0.0,0.0,1.0,0.0
845,mccrf101,0.0,0.0,4,0,0.0,0,0.0,0.0,0.0,0.0,0.0
846,mccuc101,47.0,1312.0,3953,477,72.0,64,37.0,8.0,18.0,6.0,0.0
847,mccuh101,0.0,0.0,987,171,36.0,22,13.0,0.0,0.0,0.0,0.0
848,mcdoj101,0.0,0.0,126,17,7.0,5,2.0,0.0,0.0,0.0,0.0
849,mcdok001,1.0,45.0,14,2,0.0,0,0.0,0.0,1.0,0.0,0.0
850,mcfao101,68.0,1926.0,419,45,7.0,6,10.0,35.0,35.0,16.0,5.0
851,mcgae101,0.0,0.0,71,8,2.0,1,2.0,0.0,0.0,0.0,0.0
852,mcgir001,8.0,186.0,40,3,0.0,2,6.0,0.0,7.0,2.0,0.0
853,mcgrt002,91.0,2535.0,592,56,10.0,4,6.0,0.0,99.0,43.0,0.0
854,mcgub001,15.0,433.0,91,9,0.0,0,4.0,0.0,12.0,3.0,0.0
855,mcgur002,10.0,240.0,72,3,1.0,0,1.0,0.0,13.0,2.0,0.0
856,mcint001,9.0,313.0,64,7,2.0,0,3.0,0.0,11.0,2.0,0.0
857,mckac001,14.0,420.0,81,12,0.0,1,3.0,0.0,6.0,5.0,0.0
858,mckem001,222.0,6099.0,1607,114,21.0,4,10.0,0.0,199.0,43.0,0.0
859,mckew001,3.0,103.0,26,0,0.0,0,1.0,0.0,7.0,0.0,0.0
860,mcknj001,0.0,3.0,0,0,0.0,0,0.0,0.0,0.0,0.0,0.0
861,mcmuh101,0.0,0.0,121,22,8.0,3,6.0,0.0,0.0,0.0,0.0
862,mcnaj001,23.0,647.0,143,8,1.0,1,1.0,0.0,11.0,5.0,0.0
863,mcnej101,369.0,10264.0,2337,248,35.0,34,46.0,88.0,192.0,123.0,17.0
864,mcnen101,0.0,0.0,8,1,2.0,0,0.0,0.0,0.0,0.0,0.0
865,mejif001,10.0,290.0,107,4,0.0,0,4.0,0.0,3.0,1.0,0.0
866,melha001,152.0,4328.0,992,71,4.0,6,16.0,0.0,100.0,40.0,0.0
867,melum001,105.0,2809.0,728,40,12.0,7,5.0,0.0,78.0,27.0,0.0
868,melvb001,517.0,13829.0,2915,247,23.0,36,25.0,0.0,373.0,176.0,0.0
869,merca101,1.0,30.0,3,1,0.0,0,0.0,0.0,1.0,1.0,0.0
870,merch001,38.0,1239.0,215,22,4.0,4,5.0,0.0,31.0,13.0,0.0
871,merco001,177.0,4761.0,1141,91,9.0,12,16.0,0.0,149.0,43.0,0.0
872,merco002,0.0,3.0,0,0,0.0,0,0.0,0.0,0.0,0.0,0.0
873,merum001,87.0,2397.0,475,32,10.0,3,12.0,0.0,88.0,19.0,0.0
874,mesod001,370.0,9892.0,2927,194,16.0,22,30.0,0.0,228.0,72.0,0.0
875,meyes101,1.0,51.0,11,0,0.0,0,1.0,0.0,1.0,0.0,0.0
876,millb115,0.0,0.0,0,0,0.0,0,0.0,0.0,0.0,0.0,0.0
877,millc001,158.0,4304.0,1098,99,8.0,14,14.0,0.0,80.0,38.0,0.0
878,milld001,52.0,1660.0,348,36,5.0,2,12.0,0.0,40.0,24.0,0.0
879,milld002,892.0,23648.0,6696,510,35.0,56,65.0,0.0,453.0,263.0,0.0
880,millh101,0.0,0.0,11,2,0.0,0,0.0,0.0,0.0,0.0,0.0
881,milln101,0.0,12.0,2,0,0.0,0,0.0,0.0,0.0,0.0,0.0
882,millo103,0.0,0.0,1195,286,39.0,26,36.0,0.0,0.0,0.0,0.0
883,millw102,0.0,0.0,704,122,29.0,14,8.0,0.0,0.0,0.0,0.0
884,milnb101,2.0,44.0,4,0,1.0,0,1.0,0.0,2.0,0.0,0.0
885,mirad001,406.0,11092.0,2719,229,23.0,33,74.0,0.0,343.0,134.0,0.0
886,mittg101,687.0,18710.0,4289,434,64.0,54,58.0,25.0,404.0,268.0,0.0
887,mizej001,78.0,2067.0,500,48,12.0,6,16.0,0.0,67.0,28.0,0.0
888,moelc001,396.0,10668.0,3024,190,22.0,15,18.0,0.0,246.0,78.0,0.0
889,molib001,1234.0,32235.0,8122,659,52.0,70,78.0,0.0,680.0,310.0,0.0
890,molig002,15.0,408.0,96,5,0.0,0,2.0,0.0,8.0,1.0,0.0
891,molii001,41.0,1139.0,264,20,2.0,2,3.0,0.0,45.0,11.0,0.0
892,molij001,771.0,20481.0,6033,441,39.0,50,63.0,0.0,390.0,227.0,0.0
893,moliy001,1775.0,46165.0,12518,942,71.0,115,82.0,0.0,491.0,337.0,0.0
894,monej001,9.0,264.0,64,0,0.0,0,0.0,0.0,4.0,0.0,0.0
895,monta102,0.0,0.0,34,6,1.0,0,0.0,0.0,0.0,0.0,0.0
896,montb101,311.0,8572.0,1632,136,31.0,21,23.0,0.0,203.0,99.0,0.0
897,montj003,83.0,2205.0,628,34,4.0,3,10.0,0.0,81.0,13.0,0.0
898,montl002,6.0,168.0,44,4,1.0,1,1.0,0.0,6.0,3.0,0.0
899,montm001,997.0,26637.0,7516,560,84.0,54,52.0,0.0,555.0,197.0,0.0
900,moora001,78.0,2180.0,540,41,7.0,3,9.0,0.0,55.0,14.0,0.0
901,moorb103,0.0,0.0,87,36,7.0,2,2.0,0.0,0.0,0.0,0.0
902,moorc001,742.0,20239.0,3723,435,86.0,45,67.0,0.0,487.0,272.0,0.0
903,moord101,0.0,0.0,175,26,8.0,4,7.0,0.0,0.0,0.0,0.0
904,moorj102,16.0,436.0,128,6,2.0,1,1.0,8.0,6.0,4.0,0.0
905,moorr103,0.0,0.0,27,5,4.0,0,0.0,0.0,0.0,0.0,0.0
906,moraj001,11.0,418.0,77,8,1.0,0,7.0,0.0,25.0,4.0,0.0
907,moraj002,41.0,1147.0,300,19,8.0,0,8.0,0.0,31.0,16.0,0.0
908,moraw001,3.0,78.0,22,2,0.0,1,0.0,0.0,0.0,2.0,0.0
909,mordm001,0.0,27.0,10,0,0.0,0,0.0,0.0,4.0,0.0,0.0
910,morek001,137.0,3708.0,796,77,19.0,12,10.0,0.0,177.0,66.0,0.0
911,mortc001,4.0,130.0,26,5,0.0,0,0.0,0.0,5.0,1.0,0.0
912,mosej101,287.0,7750.0,1782,146,31.0,20,35.0,13.0,149.0,86.0,0.0
913,mosqj001,8.0,226.0,59,2,0.0,0,3.0,0.0,3.0,1.0,0.0
914,mossc101,0.0,0.0,38,5,3.0,0,2.0,0.0,0.0,0.0,0.0
915,mossl101,120.0,3444.0,2612,279,64.0,52,45.0,30.0,46.0,19.0,3.0
916,motam101,0.0,6.0,2,0,0.0,0,2.0,0.0,0.0,0.0,0.0
917,muelr101,0.0,0.0,3095,503,43.0,66,32.0,0.0,0.0,0.0,0.0
918,munon001,0.0,12.0,6,0,0.0,0,0.0,0.0,0.0,0.0,0.0
919,munse001,66.0,1757.0,412,24,3.0,4,6.0,0.0,41.0,11.0,0.0
920,munst101,1265.0,33326.0,6253,742,127.0,82,93.0,9.0,533.0,427.0,1.0
921,murpd001,77.0,2075.0,424,52,17.0,4,31.0,0.0,91.0,32.0,0.0
922,murpj001,138.0,4071.0,1254,91,11.0,4,15.0,0.0,70.0,27.0,0.0
923,murpt002,44.0,1188.0,400,24,8.0,2,5.0,0.0,27.0,10.0,0.0
924,murrr102,18.0,455.0,855,129,13.0,21,20.0,4.0,9.0,7.0,0.0
925,myatg101,0.0,0.0,2061,419,66.0,47,43.0,0.0,0.0,0.0,0.0
926,myerg001,737.0,19283.0,4404,357,55.0,43,41.0,0.0,505.0,230.0,0.0
927,nahob001,218.0,5920.0,1072,121,21.0,15,14.0,0.0,200.0,75.0,0.0
928,napom001,485.0,13046.0,3377,243,38.0,23,29.0,0.0,328.0,106.0,0.0
929,narah101,238.0,6590.0,1325,93,13.0,14,25.0,47.0,98.0,53.0,6.0
930,narrj001,197.0,5615.0,998,78,12.0,13,21.0,0.0,150.0,66.0,0.0
931,narrs101,0.0,0.0,15,1,0.0,0,0.0,0.0,0.0,0.0,0.0
932,narvo001,177.0,4712.0,1344,87,15.0,5,19.0,0.0,141.0,39.0,0.0
933,natab001,79.0,2199.0,538,45,8.0,7,14.0,0.0,65.0,28.0,0.0
934,natop101,0.0,0.0,13,0,0.0,0,2.0,0.0,0.0,0.0,0.0
935,navad001,820.0,21989.0,6113,422,67.0,54,50.0,0.0,476.0,186.0,0.0
936,neemc101,288.0,7665.0,1714,150,22.0,28,29.0,65.0,134.0,76.0,8.0
937,nelsj101,35.0,867.0,202,16,5.0,2,10.0,0.0,30.0,16.0,0.0
938,nevip001,88.0,2361.0,583,48,6.0,3,25.0,0.0,71.0,27.0,0.0
939,newmj001,396.0,10846.0,2011,222,44.0,26,20.0,0.0,246.0,160.0,0.0
940,niarg101,4.0,123.0,1133,115,15.0,21,15.0,0.0,2.0,0.0,0.0
941,nichb001,26.0,744.0,202,12,0.0,4,2.0,0.0,13.0,2.0,0.0
942,nichc001,46.0,1269.0,282,39,5.0,8,8.0,0.0,34.0,24.0,0.0
943,nickm001,53.0,1417.0,412,27,3.0,3,12.0,0.0,30.0,10.0,0.0
944,nicos001,260.0,6989.0,1475,123,21.0,14,13.0,0.0,209.0,71.0,0.0
945,nidot001,26.0,710.0,236,8,4.0,1,1.0,0.0,21.0,5.0,0.0
946,niebc101,0.0,0.0,87,26,4.0,1,5.0,0.0,0.0,0.0,0.0
947,nieta001,32.0,899.0,201,14,1.0,0,6.0,0.0,25.0,4.0,0.0
948,niett001,201.0,5255.0,1080,87,11.0,11,20.0,0.0,175.0,42.0,0.0
949,nievw001,308.0,8359.0,2186,167,28.0,19,20.0,0.0,202.0,64.0,0.0
950,nilsd001,287.0,7217.0,1515,107,19.0,10,13.0,0.0,242.0,71.0,0.0
951,nixor101,611.0,16519.0,3708,238,47.0,31,66.0,160.0,262.0,107.0,6.0
952,noblr101,0.0,0.0,300,22,7.0,3,9.0,0.0,0.0,0.0,0.0
953,nokem001,598.0,15770.0,3422,262,38.0,34,48.0,0.0,492.0,193.0,0.0
954,nolaj001,356.0,9420.0,1940,148,34.0,20,36.0,0.0,381.0,101.0,0.0
955,nordw101,16.0,451.0,67,12,9.0,1,8.0,0.0,19.0,10.0,0.0
956,norrd001,498.0,13523.0,4004,248,36.0,21,45.0,0.0,322.0,108.0,0.0
957,nottj001,6.0,170.0,54,5,2.0,0,0.0,0.0,5.0,1.0,0.0
958,novor101,0.0,0.0,82,9,4.0,0,3.0,0.0,0.0,0.0,0.0
959,nunal101,0.0,0.0,286,58,15.0,4,5.0,0.0,0.0,0.0,0.0
960,oatej101,423.0,11863.0,2416,277,36.0,33,43.0,0.0,251.0,153.0,0.0
961,oberm001,124.0,3506.0,672,76,12.0,10,7.0,0.0,94.0,65.0,0.0
962,obric001,675.0,17915.0,4441,396,47.0,57,21.0,0.0,453.0,265.0,0.0
963,obrim101,0.0,0.0,13,7,2.0,0,1.0,0.0,0.0,0.0,0.0
964,ock-w101,0.0,0.0,3,0,0.0,0,0.0,0.0,0.0,0.0,0.0
965,oconj103,0.0,0.0,8,2,0.0,0,0.0,0.0,0.0,0.0,0.0
966,odeak101,0.0,0.0,2450,336,48.0,44,40.0,0.0,0.0,0.0,0.0
967,odonh101,0.0,0.0,16,3,0.0,1,1.0,0.0,0.0,0.0,0.0
968,ofarb101,0.0,0.0,4170,942,125.0,97,50.0,0.0,0.0,0.0,0.0
969,ogrob101,0.0,0.0,701,82,11.0,8,16.0,0.0,0.0,0.0,0.0
970,ohalg001,0.0,3.0,2,0,0.0,0,0.0,0.0,0.0,0.0,0.0
971,ohlmm001,3.0,104.0,29,2,2.0,0,0.0,0.0,2.0,0.0,0.0
972,ojedm001,116.0,3292.0,849,53,9.0,6,11.0,0.0,59.0,16.0,0.0
973,okril101,0.0,0.0,91,20,4.0,4,2.0,0.0,0.0,0.0,0.0
974,oldib101,54.0,1711.0,422,40,8.0,12,5.0,36.0,40.0,20.0,0.0
975,olivg101,325.0,8533.0,2057,172,34.0,30,54.0,118.0,159.0,83.0,5.0
976,olivj001,934.0,24608.0,6059,451,71.0,59,77.0,0.0,670.0,303.0,0.0
977,olivm001,953.0,25411.0,6675,501,84.0,69,100.0,0.0,459.0,234.0,0.0
978,olsog002,349.0,9391.0,2193,169,18.0,24,17.0,0.0,297.0,128.0,0.0
979,oneih102,0.0,0.0,0,0,0.0,0,0.0,0.0,0.0,0.0,0.0
980,oneim102,0.0,0.0,2020,670,77.0,47,38.0,0.0,0.0,0.0,0.0
981,oneis101,0.0,0.0,2899,692,95.0,70,69.0,0.0,0.0,0.0,0.0
982,onisr101,0.0,0.0,1,0,1.0,0,0.0,0.0,0.0,0.0,0.0
983,oquej001,0.0,3.0,1,0,0.0,0,0.0,0.0,0.0,0.0,0.0
984,orsij101,253.0,6861.0,1567,108,31.0,19,24.0,59.0,105.0,45.0,3.0
985,ortih001,77.0,2049.0,436,46,5.0,2,1.0,0.0,44.0,24.0,0.0
986,ortij001,543.0,14746.0,2934,324,45.0,40,50.0,0.0,455.0,211.0,0.0
987,ortoj001,131.0,3474.0,782,85,13.0,14,4.0,0.0,77.0,51.0,0.0
988,osbob101,0.0,6.0,0,0,0.0,0,0.0,0.0,1.0,0.0,0.0
989,osikk001,266.0,7295.0,1781,153,17.0,19,22.0,0.0,190.0,79.0,0.0
990,ott-e101,451.0,12342.0,2482,259,46.0,26,37.0,0.0,309.0,172.0,0.0
991,ouelp001,6.0,168.0,42,3,0.0,0,0.0,0.0,7.0,2.0,0.0
992,outec101,0.0,0.0,98,11,2.0,1,1.0,0.0,0.0,0.0,0.0
993,owenj001,91.0,2469.0,554,55,17.0,8,11.0,0.0,63.0,40.0,0.0
994,owenj102,0.0,0.0,8,1,1.0,0,0.0,0.0,0.0,0.0,0.0
995,owenl001,116.0,3172.0,722,69,16.0,9,7.0,0.0,87.0,43.0,0.0
996,owenm101,16.0,516.0,4527,581,96.0,93,73.0,3.0,5.0,4.0,1.0
997,pachj001,49.0,1339.0,348,20,5.0,3,7.0,0.0,30.0,4.0,0.0
998,paddt101,0.0,0.0,1482,222,41.0,19,18.0,0.0,0.0,0.0,0.0
999,padgd101,0.0,0.0,835,92,37.0,13,27.0,0.0,0.0,0.0,0.0
1000,paepd101,35.0,1002.0,218,21,4.0,2,3.0,1.0,24.0,12.0,0.0
1001,pagaj101,0.0,3.0,0,0,0.0,0,0.0,0.0,0.0,0.0,0.0
1002,paglj101,705.0,18328.0,4139,302,41.0,50,54.0,175.0,293.0,141.0,7.0
1003,pagnm001,27.0,732.0,169,14,2.0,2,2.0,0.0,25.0,8.0,0.0
1004,pagnt001,748.0,20017.0,4124,389,38.0,47,32.0,0.0,496.0,293.0,0.0
1005,palar001,17.0,576.0,154,8,1.0,1,1.0,0.0,14.0,4.0,0.0
1006,palmj101,0.0,0.0,44,4,2.0,2,1.0,0.0,0.0,0.0,0.0
1007,pankj001,0.0,3.0,0,0,0.0,0,0.0,0.0,0.0,0.0,0.0
1008,pappe001,72.0,1966.0,409,37,10.0,6,4.0,0.0,56.0,22.0,0.0
1009,parda001,35.0,936.0,206,12,4.0,1,1.0,0.0,37.0,7.0,0.0
1010,parem001,365.0,9671.0,2262,196,25.0,28,25.0,0.0,255.0,133.0,0.0
1011,parit101,0.0,0.0,17,7,1.0,0,2.0,0.0,0.0,0.0,0.0
1012,parkd002,32.0,876.0,165,20,2.0,4,2.0,0.0,29.0,12.0,0.0
1013,parkd101,0.0,0.0,1,0,1.0,0,0.0,0.0,0.0,0.0,0.0
1014,parrl001,1715.0,45607.0,9647,980,94.0,133,192.0,0.0,1043.0,655.0,0.0
1015,parsd101,0.0,0.0,443,75,11.0,8,7.0,0.0,0.0,0.0,0.0
1016,partr101,0.0,0.0,1318,157,27.0,28,23.0,0.0,0.0,0.0,0.0
1017,pasej101,0.0,0.0,87,14,1.0,3,1.0,0.0,0.0,0.0,0.0
1018,paslk101,42.0,1071.0,196,20,3.0,0,3.0,0.0,29.0,7.0,0.0
1019,pattb101,0.0,0.0,4,3,0.0,1,1.0,0.0,0.0,0.0,0.0
1020,patth101,0.0,0.0,0,0,0.0,0,0.0,0.0,0.0,0.0,0.0
1021,pattt101,0.0,15.0,4,2,0.0,1,0.0,1.0,1.0,1.0,0.0
1022,paulj001,207.0,5758.0,1430,113,16.0,20,15.0,0.0,157.0,55.0,0.0
1023,paulr001,476.0,12975.0,3383,273,35.0,24,36.0,0.0,320.0,132.0,0.0
1024,pavld101,236.0,6369.0,1593,123,30.0,20,31.0,76.0,175.0,58.0,3.0
1025,pawet101,0.0,0.0,0,0,0.0,0,1.0,0.0,0.0,0.0,0.0
1026,peacj101,0.0,0.0,1863,220,36.0,37,29.0,0.0,0.0,0.0,0.0
1027,pecob001,0.0,3.0,0,0,0.0,0,0.0,0.0,0.0,0.0,0.0
1028,pedel101,0.0,0.0,26,5,0.0,1,0.0,0.0,0.0,0.0,0.0
1029,pedrj001,6.0,170.0,32,4,1.0,0,0.0,0.0,7.0,2.0,0.0
1030,pellk001,2.0,99.0,25,0,0.0,0,1.0,0.0,2.0,0.0,0.0
1031,penaa002,52.0,1408.0,384,39,3.0,5,7.0,0.0,37.0,19.0,0.0
1032,penab002,364.0,10163.0,2911,162,16.0,27,25.0,0.0,281.0,108.0,0.0
1033,penaf001,45.0,1416.0,400,18,2.0,1,3.0,0.0,20.0,6.0,0.0
1034,penat001,1779.0,47916.0,11212,1045,117.0,156,105.0,0.0,1224.0,656.0,0.0
1035,perea002,0.0,6.0,1,0,0.0,0,0.0,0.0,0.0,0.0,0.0
1036,perec003,177.0,4698.0,1330,133,12.0,10,16.0,0.0,90.0,56.0,0.0
1037,peree002,400.0,10918.0,2789,201,26.0,34,24.0,0.0,265.0,110.0,0.0
1038,perem003,0.0,6.0,2,0,0.0,0,0.0,0.0,0.0,0.0,0.0
1039,perem005,22.0,555.0,175,18,0.0,0,0.0,0.0,12.0,5.0,0.0
1040,peren001,0.0,0.0,0,0,0.0,0,0.0,0.0,0.0,0.0,0.0
1041,perer003,260.0,6839.0,2463,154,16.0,16,16.0,0.0,96.0,61.0,0.0
1042,peres002,856.0,22281.0,6216,499,36.0,43,29.0,0.0,341.0,186.0,0.0
1043,perkc101,0.0,0.0,3539,912,101.0,88,75.0,0.0,0.0,0.0,0.0
1044,peteb103,0.0,0.0,0,0,0.0,0,0.0,0.0,0.0,0.0,0.0
1045,peteh101,49.0,1342.0,244,36,7.0,7,4.0,0.0,15.0,17.0,0.0
1046,petej102,0.0,0.0,234,48,17.0,3,6.0,0.0,0.0,0.0,0.0
1047,petrb001,143.0,3845.0,918,58,16.0,13,22.0,0.0,104.0,25.0,0.0
1048,petrg001,427.0,11452.0,2744,210,39.0,38,95.0,0.0,353.0,167.0,0.0
1049,pevem001,11.0,279.0,58,7,1.0,0,1.0,0.0,16.0,4.0,0.0
1050,pfeib101,2.0,66.0,8,2,1.0,1,3.0,0.0,2.0,2.0,0.0
1051,pfisg101,0.0,0.0,0,0,0.0,0,0.0,0.0,0.0,0.0,0.0
1052,phegj001,226.0,5964.0,1674,151,15.0,13,32.0,0.0,109.0,54.0,0.0
1053,phelb101,0.0,0.0,2251,291,69.0,43,46.0,0.0,0.0,0.0,0.0
1054,phelj001,6.0,171.0,38,3,0.0,0,0.0,0.0,8.0,2.0,0.0
1055,phile102,0.0,0.0,989,129,23.0,23,14.0,0.0,0.0,0.0,0.0
1056,philj003,234.0,6343.0,1589,93,10.0,12,9.0,0.0,179.0,47.0,0.0
1057,philk001,23.0,630.0,168,14,4.0,1,2.0,0.0,26.0,9.0,0.0
1058,philp001,50.0,1475.0,350,31,4.0,4,5.0,0.0,26.0,12.0,0.0
1059,piazm001,1607.0,40665.0,10844,733,124.0,88,102.0,0.0,1400.0,423.0,0.0
1060,piciv101,0.0,0.0,2846,631,101.0,56,73.0,0.0,0.0,0.0,0.0
1061,picku101,0.0,0.0,1,0,1.0,0,0.0,0.0,0.0,0.0,0.0
1062,piera001,1832.0,49006.0,12600,823,68.0,101,102.0,0.0,1081.0,350.0,0.0
1063,pignj101,205.0,5665.0,1361,105,15.0,22,18.0,72.0,60.0,49.0,5.0
1064,pinam001,187.0,5050.0,1583,113,11.0,14,6.0,0.0,81.0,47.0,0.0
1065,pintj001,44.0,1156.0,285,12,7.0,1,4.0,0.0,26.0,5.0,0.0
1066,plase101,6.0,180.0,30,2,0.0,0,1.0,8.0,2.0,0.0,0.0
1067,plawk001,192.0,5295.0,1667,98,9.0,5,5.0,0.0,142.0,43.0,0.0
1068,plumb101,247.0,6966.0,1283,92,23.0,16,18.0,0.0,146.0,44.0,0.0
1069,pocob001,342.0,9191.0,1938,221,39.0,21,53.0,0.0,387.0,134.0,0.0
1070,polah101,0.0,0.0,191,13,9.0,2,2.0,0.0,0.0,0.0,0.0
1071,portd001,1430.0,37825.0,6756,754,134.0,104,132.0,0.0,902.0,553.0,0.0
1072,portj101,66.0,1790.0,339,38,4.0,7,22.0,17.0,30.0,21.0,1.0
1073,posaj001,1450.0,38631.0,10016,696,90.0,81,142.0,0.0,984.0,387.0,0.0
1074,poseb001,865.0,22660.0,6704,463,39.0,47,24.0,0.0,440.0,218.0,0.0
1075,powel001,89.0,2443.0,649,36,11.0,7,3.0,0.0,44.0,29.0,0.0
1076,powep102,1.0,72.0,18,3,1.0,1,1.0,0.0,4.0,3.0,0.0
1077,pramj101,0.0,0.0,658,71,20.0,9,20.0,0.0,0.0,0.0,0.0
1078,pratt001,415.0,11839.0,3111,158,23.0,33,38.0,0.0,256.0,94.0,0.0
1079,pricj102,156.0,4136.0,1064,55,17.0,10,13.0,38.0,98.0,31.0,0.0
1080,print001,332.0,9600.0,2267,214,19.0,25,26.0,0.0,228.0,118.0,0.0
1081,pruej101,0.0,0.0,19,2,0.0,1,0.0,0.0,0.0,0.0,0.0
1082,pruir101,48.0,1495.0,256,30,4.0,6,3.0,0.0,67.0,17.0,0.0
1083,pujol001,250.0,6734.0,1450,151,21.0,11,63.0,0.0,262.0,76.0,0.0
1084,putme101,5.0,240.0,44,4,0.0,0,2.0,0.0,5.0,2.0,0.0
1085,pybuj101,0.0,3.0,0,0,0.0,0,0.0,0.0,0.0,0.0,0.0
1086,pytlf101,0.0,0.0,2958,395,29.0,64,25.0,0.0,0.0,0.0,0.0
1087,quinh001,393.0,10323.0,2835,244,30.0,36,21.0,0.0,192.0,95.0,0.0
1088,quirg001,90.0,2534.0,575,46,6.0,7,10.0,0.0,65.0,23.0,0.0
1089,quirj001,398.0,10943.0,2344,235,48.0,26,36.0,0.0,322.0,174.0,0.0
1090,rabbj001,31.0,827.0,184,14,7.0,2,2.0,0.0,39.0,8.0,0.0
1091,rabem001,72.0,1972.0,425,32,6.0,6,6.0,0.0,42.0,16.0,0.0
1092,raded101,638.0,17454.0,3391,285,63.0,41,49.0,0.0,443.0,195.0,0.0
1093,ramim003,30.0,808.0,210,12,3.0,2,2.0,0.0,36.0,8.0,0.0
1094,ramoj001,5.0,123.0,23,1,0.0,0,1.0,0.0,3.0,0.0,0.0
1095,ramor001,66.0,1889.0,390,50,9.0,3,5.0,0.0,71.0,39.0,0.0
1096,ramow001,708.0,18816.0,5572,395,37.0,24,41.0,0.0,266.0,123.0,0.0
1097,randd101,37.0,1042.0,237,19,6.0,5,4.0,3.0,10.0,4.0,0.0
1098,randl101,0.0,18.0,1,1,0.0,0,0.0,0.0,3.0,1.0,0.0
1099,ranem101,112.0,3143.0,686,67,14.0,8,28.0,42.0,72.0,27.0,3.0
1100,ransj101,22.0,606.0,131,16,3.0,1,0.0,0.0,36.0,6.0,0.0
1101,rarib101,0.0,0.0,390,101,10.0,8,5.0,0.0,0.0,0.0,0.0
1102,ratlp101,76.0,1935.0,384,29,7.0,6,3.0,2.0,34.0,13.0,0.0
1103,rayff001,90.0,2489.0,525,53,7.0,5,7.0,0.0,76.0,28.0,0.0
1104,readr002,1.0,33.0,12,1,0.0,0,1.0,0.0,1.0,0.0,0.0
1105,realj001,483.0,12739.0,3711,262,30.0,32,36.0,0.0,185.0,91.0,0.0
1106,reboj001,0.0,3.0,0,0,0.0,0,0.0,0.0,1.0,0.0,0.0
1107,recka001,144.0,4014.0,1157,70,13.0,11,11.0,0.0,96.0,33.0,0.0
1108,redmj101,0.0,0.0,39,5,1.0,3,2.0,0.0,0.0,0.0,0.0
1109,redmm001,606.0,16085.0,3999,312,18.0,53,23.0,0.0,382.0,177.0,0.0
1110,reecb101,3.0,93.0,16,2,1.0,1,2.0,0.0,3.0,0.0,0.0
1111,reedj001,850.0,23063.0,5455,415,73.0,59,54.0,0.0,727.0,301.0,0.0
1112,regot101,0.0,0.0,92,24,3.0,3,1.0,0.0,0.0,0.0,0.0
1113,reibf101,0.0,0.0,70,7,2.0,1,2.0,0.0,0.0,0.0,0.0
1114,reisb102,0.0,0.0,1,0,1.0,0,0.0,0.0,0.0,0.0,0.0
1115,renst101,0.0,0.0,535,93,23.0,16,16.0,0.0,0.0,0.0,0.0
1116,retzk101,189.0,4945.0,935,97,18.0,13,17.0,48.0,78.0,48.0,6.0
1117,reyeg001,74.0,2131.0,473,75,15.0,7,15.0,0.0,48.0,50.0,0.0
1118,reyej002,0.0,15.0,7,0,0.0,0,0.0,0.0,0.0,0.0,0.0
1119,reynr002,104.0,2857.0,628,57,16.0,8,5.0,0.0,126.0,47.0,0.0
1120,reynt101,0.0,10.0,1,0,0.0,0,1.0,0.0,1.0,0.0,0.0
1121,riced101,270.0,6850.0,5353,537,75.0,72,65.0,57.0,65.0,36.0,6.0
1122,riceh101,0.0,0.0,0,0,0.0,0,0.0,0.0,0.0,0.0,0.0
1123,ricel101,0.0,0.0,119,8,3.0,1,1.0,0.0,0.0,0.0,0.0
1124,richk001,1.0,45.0,13,0,0.0,0,0.0,0.0,2.0,0.0,0.0
1125,richp101,0.0,0.0,2103,302,31.0,49,25.0,0.0,0.0,0.0,0.0
1126,rickd102,35.0,1029.0,236,15,3.0,0,5.0,7.0,28.0,13.0,0.0
1127,riddj101,0.0,0.0,230,51,5.0,12,5.0,0.0,0.0,0.0,0.0
1128,riebh101,0.0,0.0,155,14,1.0,3,6.0,0.0,0.0,0.0,0.0
1129,riggs001,52.0,1415.0,384,11,8.0,1,4.0,0.0,29.0,4.0,0.0
1130,rinkb101,0.0,0.0,0,0,0.0,0,0.0,0.0,0.0,0.0,0.0
1131,rivem003,142.0,3893.0,1065,90,14.0,7,17.0,0.0,112.0,37.0,0.0
1132,river003,405.0,10818.0,3430,260,32.0,30,36.0,0.0,218.0,126.0,0.0
1133,roarm101,140.0,3869.0,863,62,12.0,7,15.0,35.0,39.0,32.0,5.0
1134,robed102,101.0,2768.0,543,56,13.0,3,14.0,0.0,71.0,43.0,0.0
1135,robej103,45.0,1200.0,215,20,6.0,6,3.0,17.0,19.0,8.0,2.0
1136,robia101,0.0,0.0,2259,271,25.0,31,36.0,0.0,0.0,0.0,0.0
1137,robib102,31.0,741.0,188,16,8.0,3,2.0,0.0,19.0,14.0,0.0
1138,robic002,1.0,30.0,8,0,0.0,0,0.0,0.0,0.0,0.0,0.0
1139,robls101,5.0,210.0,43,1,0.0,0,2.0,0.0,1.0,0.0,0.0
1140,rodgb102,815.0,22146.0,4750,472,63.0,74,66.0,262.0,283.0,215.0,27.0
1141,rodre003,2.0,51.0,20,1,0.0,0,0.0,0.0,3.0,0.0,0.0
1142,rodre101,658.0,17396.0,3713,360,45.0,37,59.0,31.0,334.0,235.0,0.0
1143,rodrg001,26.0,730.0,189,17,4.0,1,4.0,0.0,12.0,5.0,0.0
1144,rodri001,2349.0,61044.0,14864,1227,142.0,158,127.0,0.0,786.0,661.0,0.0
1145,rodrr002,2.0,57.0,15,1,0.0,0,0.0,0.0,1.0,0.0,0.0
1146,rojac101,0.0,38.0,7,2,0.0,0,1.0,2.0,1.0,0.0,0.0
1147,romaj101,771.0,19888.0,4415,343,47.0,51,77.0,190.0,296.0,157.0,23.0
1148,romem001,13.0,448.0,144,12,2.0,0,2.0,0.0,17.0,4.0,0.0
1149,romia001,0.0,1.0,0,0,0.0,0,1.0,0.0,0.0,0.0,0.0
1150,romia002,214.0,5833.0,1885,142,10.0,9,15.0,0.0,125.0,34.0,0.0
1151,ronam001,3.0,99.0,29,0,0.0,0,1.0,0.0,0.0,0.0,0.0
1152,roofp101,689.0,17823.0,4151,356,63.0,48,57.0,106.0,330.0,203.0,9.0
1153,rosaa002,8.0,269.0,82,8,0.0,1,1.0,0.0,12.0,4.0,0.0
1154,rosab101,0.0,0.0,3845,511,36.0,92,28.0,0.0,0.0,0.0,0.0
1155,rosal101,1.0,16.0,2,0,1.0,0,0.0,0.0,5.0,0.0,0.0
1156,rosam001,0.0,33.0,7,0,1.0,0,0.0,0.0,1.0,0.0,0.0
1157,rosaw001,313.0,8257.0,2031,212,30.0,13,45.0,0.0,157.0,61.0,0.0
1158,roseb102,22.0,664.0,129,11,2.0,3,4.0,6.0,11.0,7.0,1.0
1159,rosej101,1349.0,35799.0,9291,675,107.0,111,111.0,427.0,406.0,297.0,29.0
1160,rosem001,12.0,362.0,94,5,2.0,2,1.0,0.0,19.0,4.0,0.0
1161,roskj001,0.0,12.0,5,0,0.0,0,0.0,0.0,0.0,0.0,0.0
1162,rossd001,669.0,17975.0,5124,422,54.0,46,51.0,0.0,370.0,197.0,0.0
1163,rossj101,0.0,0.0,192,21,4.0,3,0.0,0.0,0.0,0.0,0.0
1164,rothj101,0.0,0.0,0,0,0.0,0,0.0,0.0,0.0,0.0,0.0
1165,rottv001,0.0,18.0,8,0,0.0,0,0.0,0.0,0.0,0.0,0.0
1166,rowlc101,0.0,0.0,5,1,0.0,0,0.0,0.0,0.0,0.0,0.0
1167,rowlr001,54.0,1510.0,346,23,9.0,5,6.0,0.0,41.0,17.0,0.0
1168,roysw101,0.0,27.0,5,0,0.0,0,0.0,0.0,0.0,0.0,0.0
1169,roznv101,106.0,2995.0,652,67,9.0,11,13.0,39.0,48.0,36.0,3.0
1170,rubes101,7.0,221.0,43,6,0.0,3,0.0,2.0,4.0,2.0,0.0
1171,rudok101,208.0,5658.0,1169,124,27.0,18,16.0,2.0,112.0,80.0,0.0
1172,ruelm101,0.0,0.0,5296,1125,115.0,135,57.0,0.0,0.0,0.0,0.0
1173,ruizc001,991.0,26836.0,7668,589,53.0,67,48.0,0.0,612.0,230.0,0.0
1174,ruizc102,0.0,3.0,0,0,0.0,0,0.0,0.0,0.0,0.0,0.0
1175,ruppc001,287.0,7642.0,2192,167,19.0,18,26.0,0.0,136.0,62.0,0.0
1176,russj002,150.0,4338.0,972,85,23.0,14,30.0,0.0,201.0,67.0,0.0
1177,ruszh101,0.0,0.0,82,22,2.0,2,3.0,0.0,0.0,0.0,0.0
1178,ryand001,22.0,603.0,159,11,0.0,0,2.0,0.0,11.0,8.0,0.0
1179,ryanm101,570.0,15003.0,3473,325,34.0,45,40.0,110.0,234.0,181.0,14.0
1180,rybam101,0.0,0.0,33,3,0.0,0,0.0,0.0,0.0,0.0,0.0
1181,saboa101,0.0,0.0,11,2,1.0,0,0.0,0.0,0.0,0.0,0.0
1182,sackf101,0.0,0.0,46,9,1.0,0,1.0,0.0,0.0,0.0,0.0
1183,sadem101,240.0,6860.0,1544,140,26.0,14,31.0,0.0,216.0,97.0,0.0
1184,sadoe101,141.0,3816.0,914,72,9.0,11,10.0,33.0,45.0,35.0,2.0
1185,sakal001,0.0,3.0,0,0,0.0,0,0.0,0.0,0.0,1.0,0.0
1186,salam001,295.0,7973.0,1659,148,23.0,23,38.0,0.0,229.0,111.0,0.0
1187,salkb101,0.0,0.0,972,128,24.0,19,19.0,0.0,0.0,0.0,0.0
1188,saltj001,698.0,18686.0,5049,295,60.0,34,56.0,0.0,536.0,150.0,0.0
1189,sammc001,16.0,516.0,134,6,0.0,0,3.0,0.0,12.0,6.0,0.0
1190,sanbg101,0.0,0.0,67,14,0.0,1,3.0,0.0,0.0,0.0,0.0
1191,sancg002,209.0,5550.0,1970,129,22.0,10,40.0,0.0,84.0,48.0,0.0
1192,sanch002,150.0,4189.0,1162,86,15.0,11,18.0,0.0,124.0,41.0,0.0
1193,sanco001,18.0,578.0,95,5,4.0,2,1.0,0.0,29.0,3.0,0.0
1194,sanct001,33.0,883.0,249,20,5.0,0,3.0,0.0,25.0,5.0,0.0
1195,sandc101,12.0,321.0,61,2,3.0,3,4.0,0.0,8.0,1.0,0.0
1196,sandm101,0.0,0.0,547,80,7.0,8,20.0,0.0,0.0,0.0,0.0
1197,sandp001,12.0,340.0,97,8,0.0,1,2.0,0.0,8.0,4.0,0.0
1198,sangm101,1062.0,28507.0,5996,540,94.0,74,89.0,25.0,504.0,314.0,5.0
1199,santb001,1796.0,47776.0,10816,960,151.0,130,157.0,0.0,998.0,530.0,0.0
1200,santc002,314.0,8350.0,2241,173,21.0,12,25.0,0.0,207.0,70.0,0.0
1201,santn001,229.0,6264.0,1409,166,30.0,24,27.0,0.0,226.0,93.0,0.0
1202,santo001,86.0,2390.0,592,29,5.0,4,5.0,0.0,48.0,16.0,0.0
1203,sardd001,46.0,1264.0,378,25,1.0,6,4.0,0.0,25.0,8.0,0.0
1204,sarnb101,290.0,7982.0,1680,154,16.0,33,21.0,43.0,55.0,47.0,1.0
1205,sassm001,193.0,5165.0,1389,101,25.0,9,14.0,0.0,230.0,85.0,0.0
1206,satrt101,272.0,7134.0,1655,133,23.0,22,33.0,79.0,137.0,78.0,1.0
1207,sawac101,319.0,8462.0,1960,180,26.0,30,37.0,95.0,150.0,74.0,5.0
1208,sax-d001,14.0,394.0,96,1,2.0,1,1.0,0.0,19.0,2.0,0.0
1209,schab101,0.0,0.0,3,1,0.0,0,0.0,0.0,0.0,0.0,0.0
1210,schaj104,160.0,4611.0,888,86,11.0,14,15.0,67.0,53.0,46.0,2.0
1211,schar103,0.0,0.0,3487,847,75.0,118,40.0,0.0,0.0,0.0,0.0
1212,schaw101,0.0,0.0,3672,902,129.0,107,90.0,0.0,0.0,0.0,0.0
1213,scheb101,0.0,0.0,1444,166,27.0,24,31.0,0.0,0.0,0.0,0.0
1214,scheb102,0.0,0.0,0,0,0.0,0,0.0,0.0,0.0,0.0,0.0
1215,schib101,0.0,0.0,3,0,0.0,0,0.0,0.0,0.0,0.0,0.0
1216,schln101,0.0,0.0,310,24,9.0,7,7.0,0.0,0.0,0.0,0.0
1217,schmb101,369.0,9954.0,2161,166,28.0,21,19.0,95.0,134.0,69.0,6.0
1218,schmd101,11.0,325.0,53,4,0.0,0,2.0,0.0,7.0,3.0,0.0
1219,schmk001,3.0,90.0,23,3,0.0,0,1.0,0.0,0.0,0.0,0.0
1220,schmw102,0.0,0.0,1764,533,44.0,52,14.0,0.0,0.0,0.0,0.0
1221,schnb001,903.0,24009.0,5987,438,39.0,72,38.0,0.0,405.0,228.0,0.0
1222,schrb001,288.0,7610.0,1543,136,14.0,19,14.0,0.0,236.0,76.0,0.0
1223,schuj103,0.0,0.0,201,16,8.0,3,2.0,0.0,0.0,0.0,0.0
1224,schuj106,0.0,0.0,355,87,20.0,15,13.0,0.0,0.0,0.0,0.0
1225,schwk001,15.0,429.0,119,7,4.0,1,2.0,0.0,14.0,3.0,0.0
1226,sciom001,1278.0,33700.0,8335,737,114.0,97,82.0,0.0,952.0,500.0,0.0
1227,scotd001,124.0,3365.0,704,74,18.0,10,31.0,0.0,82.0,44.0,0.0
1228,seark101,0.0,0.0,243,31,7.0,5,6.0,0.0,0.0,0.0,0.0
1229,see-l001,0.0,9.0,1,0,0.0,0,0.0,0.0,0.0,0.0,0.0
1230,seilr101,18.0,443.0,62,8,4.0,2,2.0,0.0,27.0,4.0,0.0
1231,semia101,216.0,5635.0,5030,598,133.0,80,89.0,39.0,56.0,48.0,9.0
1232,servs002,700.0,18629.0,4769,383,48.0,53,53.0,0.0,556.0,207.0,0.0
1233,sevcj101,3.0,110.0,32,5,0.0,1,0.0,2.0,6.0,2.0,0.0
1234,seveh101,0.0,0.0,3282,721,63.0,75,41.0,0.0,0.0,0.0,0.0
1235,sevep001,70.0,1988.0,690,43,2.0,4,6.0,0.0,36.0,20.0,0.0
1236,sewel101,0.0,0.0,5444,1084,150.0,138,91.0,0.0,0.0,0.0,0.0
1237,shanb101,110.0,2857.0,432,55,8.0,9,8.0,23.0,22.0,29.0,8.0
1238,shanm101,2.0,101.0,24,1,0.0,1,0.0,5.0,0.0,0.0,0.0
1239,shead001,196.0,5205.0,1266,114,14.0,20,12.0,0.0,167.0,60.0,0.0
1240,sheam102,0.0,0.0,1412,254,41.0,33,20.0,0.0,0.0,0.0,0.0
1241,sheeb101,0.0,0.0,292,25,3.0,5,4.0,0.0,0.0,0.0,0.0
1242,sheej102,0.0,0.0,5,0,1.0,0,0.0,0.0,0.0,0.0,0.0
1243,sheel001,2.0,63.0,10,1,1.0,0,0.0,0.0,2.0,0.0,0.0
1244,shelc001,0.0,48.0,10,0,0.0,0,3.0,0.0,0.0,0.0,0.0
1245,shels001,0.0,25.0,7,0,0.0,0,0.0,0.0,2.0,0.0,0.0
1246,shepj102,204.0,5307.0,907,116,19.0,15,21.0,29.0,38.0,41.0,4.0
1247,shepr101,0.0,0.0,5,2,0.0,0,0.0,0.0,0.0,0.0,0.0
1248,shern102,148.0,3952.0,1025,70,12.0,14,13.0,47.0,55.0,34.0,1.0
1249,shing101,0.0,0.0,28,18,7.0,2,5.0,0.0,0.0,0.0,0.0
1250,shoor101,2.0,57.0,8,0,0.0,0,0.0,2.0,2.0,0.0,0.0
1251,shopk001,458.0,12493.0,3099,211,34.0,27,33.0,0.0,234.0,99.0,0.0
1252,shopt101,2.0,69.0,13,4,0.0,0,1.0,0.0,2.0,1.0,0.0
1253,shorc102,1.0,0.0,0,0,0.0,0,0.0,0.0,0.0,0.0,0.0
1254,siddj001,39.0,1159.0,267,30,5.0,4,7.0,0.0,38.0,20.0,0.0
1255,siemo101,0.0,0.0,116,21,13.0,3,6.0,0.0,0.0,0.0,0.0
1256,silvc101,33.0,1054.0,698,74,12.0,14,8.0,9.0,13.0,9.0,0.0
1257,silvk101,0.0,0.0,200,29,6.0,6,4.0,0.0,0.0,0.0,0.0
1258,simmt001,1687.0,45278.0,8906,915,130.0,104,182.0,3.0,1188.0,611.0,0.0
1259,simsd101,559.0,15146.0,3762,319,58.0,49,59.0,96.0,297.0,160.0,14.0
1260,sinam001,72.0,2204.0,436,67,2.0,5,7.0,0.0,71.0,37.0,0.0
1261,siscc001,47.0,1276.0,373,27,1.0,5,2.0,0.0,34.0,13.0,0.0
1262,sizet101,1.0,39.0,10,0,0.0,0,0.0,0.0,0.0,0.0,0.0
1263,skagd101,171.0,4543.0,809,81,11.0,10,10.0,0.0,113.0,55.0,0.0
1264,skifb101,0.0,0.0,54,9,1.0,2,2.0,0.0,0.0,0.0,0.0
1265,skinj001,449.0,11979.0,2425,170,32.0,26,22.0,0.0,252.0,128.0,0.0
1266,skipk001,0.0,6.0,2,0,0.0,0,0.0,0.0,0.0,0.0,0.0
1267,slaud001,1083.0,28944.0,6158,477,87.0,71,92.0,0.0,843.0,346.0,0.0
1268,slocr101,3.0,183.0,42,2,1.0,0,0.0,0.0,5.0,2.0,0.0
1269,smalr001,0.0,0.0,0,0,0.0,0,0.0,0.0,0.0,0.0,0.0
1270,smite106,0.0,0.0,2117,502,78.0,64,72.0,0.0,0.0,0.0,0.0
1271,smith106,585.0,15559.0,3116,320,49.0,57,74.0,167.0,215.0,124.0,17.0
1272,smith108,484.0,12734.0,2810,247,33.0,43,28.0,117.0,156.0,112.0,18.0
1273,smitk002,117.0,3147.0,942,48,4.0,6,7.0,0.0,99.0,16.0,0.0
1274,smitn101,3.0,72.0,17,1,0.0,1,1.0,1.0,2.0,0.0,0.0
1275,smitp105,0.0,0.0,0,0,0.0,0,0.0,0.0,0.0,0.0,0.0
1276,smitr102,67.0,1802.0,381,32,5.0,3,2.0,0.0,44.0,29.0,0.0
1277,smitr105,0.0,0.0,1,0,0.0,0,0.0,0.0,0.0,0.0,0.0
1278,smitv101,0.0,0.0,52,9,3.0,0,1.0,0.0,0.0,0.0,0.0
1279,snydb003,0.0,3.0,1,0,0.0,0,0.0,0.0,0.0,0.0,0.0
1280,snydc002,646.0,16977.0,4565,366,12.0,33,50.0,0.0,351.0,144.0,0.0
1281,snydf101,0.0,0.0,2486,692,51.0,64,31.0,0.0,0.0,0.0,0.0
1282,solaj002,28.0,777.0,190,18,1.0,3,2.0,0.0,25.0,4.0,0.0
1283,solia001,4.0,85.0,35,0,1.0,0,1.0,0.0,3.0,0.0,0.0
1284,sotog001,711.0,18765.0,5504,363,47.0,42,24.0,0.0,458.0,166.0,0.0
1285,speht001,161.0,4946.0,1235,100,20.0,16,12.0,0.0,155.0,64.0,0.0
1286,spenr101,0.0,0.0,2138,275,40.0,33,25.0,0.0,0.0,0.0,0.0
1287,spilh001,3.0,226.0,33,5,0.0,0,1.0,0.0,10.0,1.0,0.0
1288,spinh101,0.0,0.0,222,28,5.0,10,7.0,0.0,0.0,0.0,0.0
1289,spoha101,0.0,0.0,2182,347,74.0,30,36.0,0.0,0.0,0.0,0.0
1290,spotj101,0.0,0.0,2,0,0.0,0,0.0,0.0,0.0,0.0,0.0
1291,sprae001,8.0,282.0,70,3,3.0,0,1.0,0.0,7.0,1.0,0.0
1292,sprij101,0.0,0.0,84,15,0.0,2,0.0,0.0,0.0,0.0,0.0
1293,squim001,0.0,6.0,1,0,0.0,0,0.0,0.0,0.0,0.0,0.0
1294,stalj001,15.0,457.0,150,10,1.0,1,1.0,0.0,12.0,3.0,0.0
1295,stanc002,0.0,18.0,7,0,0.0,0,0.0,0.0,0.0,0.0,0.0
1296,stanm002,633.0,16880.0,3884,233,49.0,30,90.0,0.0,534.0,165.0,0.0
1297,stano101,0.0,0.0,399,114,19.0,12,9.0,0.0,0.0,0.0,0.0
1298,starc102,0.0,0.0,28,6,1.0,2,0.0,0.0,0.0,0.0,0.0
1299,starm001,3.0,87.0,25,1,0.0,0,1.0,0.0,6.0,1.0,0.0
1300,stasm001,81.0,2294.0,822,40,4.0,5,11.0,0.0,43.0,16.0,0.0
1301,stavn001,0.0,1.0,1,0,0.0,0,0.0,0.0,0.0,0.0,0.0
1302,stcle101,13.0,327.0,596,68,15.0,15,17.0,0.0,7.0,0.0,0.0
1303,steaj001,651.0,17608.0,3712,446,63.0,64,31.0,0.0,500.0,295.0,0.0
1304,stefj001,54.0,1426.0,331,35,8.0,2,4.0,0.0,57.0,23.0,0.0
1305,steib102,0.0,0.0,0,0,0.0,0,0.0,0.0,0.0,0.0,0.0
1306,steir102,0.0,0.0,76,14,1.0,5,5.0,0.0,0.0,0.0,0.0
1307,steit001,1297.0,34009.0,7505,615,92.0,73,83.0,0.0,765.0,436.0,0.0
1308,stelr101,23.0,701.0,130,8,1.0,1,3.0,0.0,16.0,7.0,0.0
1309,stepj101,0.0,0.0,85,13,3.0,1,1.0,0.0,0.0,0.0,0.0
1310,stepj102,217.0,6227.0,1406,116,21.0,14,34.0,33.0,136.0,56.0,2.0
1311,stepr001,10.0,285.0,59,6,0.0,0,1.0,0.0,18.0,4.0,0.0
1312,stepw101,0.0,0.0,51,12,1.0,3,2.0,0.0,0.0,0.0,0.0
1313,stewa001,1.0,44.0,10,1,0.0,0,0.0,0.0,1.0,1.0,0.0
1314,stewc001,349.0,9576.0,2915,240,36.0,20,41.0,0.0,222.0,88.0,0.0
1315,stewg101,0.0,0.0,1,0,0.0,0,0.0,0.0,0.0,0.0,0.0
1316,stewj102,0.0,3.0,2,0,0.0,0,0.0,0.0,3.0,0.0,0.0
1317,stimc101,10.0,252.0,46,9,1.0,1,0.0,0.0,16.0,6.0,0.0
1318,stinb101,466.0,12898.0,2415,226,44.0,36,33.0,1.0,407.0,165.0,0.0
1319,stink001,563.0,15473.0,3734,262,67.0,34,35.0,0.0,421.0,166.0,0.0
1320,stoka102,0.0,0.0,110,47,9.0,6,5.0,0.0,0.0,0.0,0.0
1321,storh101,0.0,0.0,31,3,0.0,0,1.0,0.0,0.0,0.0,0.0
1322,stpim001,2.0,51.0,12,1,0.0,0,0.0,0.0,0.0,0.0,0.0
1323,streg101,0.0,0.0,1,1,0.0,0,0.0,0.0,0.0,0.0,0.0
1324,strew101,4.0,111.0,21,1,1.0,1,0.0,0.0,1.0,1.0,0.0
1325,strim001,1.0,30.0,10,1,0.0,1,0.0,0.0,1.0,0.0,0.0
1326,styll101,0.0,0.0,130,27,12.0,1,1.0,0.0,0.0,0.0,0.0
1327,suark101,211.0,5722.0,1350,121,24.0,19,14.0,24.0,102.0,82.0,2.0
1328,sucrj001,180.0,4898.0,1551,104,6.0,12,17.0,0.0,76.0,35.0,0.0
1329,sudab101,60.0,1683.0,340,30,4.0,2,10.0,0.0,49.0,11.0,0.0
1330,sukec101,0.0,0.0,1041,190,33.0,29,26.0,0.0,0.0,0.0,0.0
1331,sullb103,0.0,0.0,1845,216,59.0,37,24.0,0.0,0.0,0.0,0.0
1332,sullh101,234.0,6175.0,1314,92,21.0,17,17.0,78.0,99.0,43.0,6.0
1333,sullj103,61.0,1779.0,401,37,4.0,4,4.0,21.0,31.0,22.0,3.0
1334,sullm001,114.0,2972.0,663,52,7.0,9,16.0,0.0,71.0,40.0,0.0
1335,sullt102,0.0,0.0,1,0,0.0,0,1.0,0.0,0.0,0.0,0.0
1336,summc001,0.0,3.0,0,0,0.0,0,0.0,0.0,0.0,0.0,0.0
1337,sundj001,1775.0,47701.0,9767,1007,81.0,145,130.0,0.0,1012.0,708.0,0.0
1338,surhb001,648.0,17509.0,3617,331,47.0,46,56.0,0.0,458.0,199.0,0.0
1339,susaa001,66.0,1827.0,465,45,5.0,5,6.0,0.0,52.0,18.0,0.0
1340,suscg102,0.0,0.0,370,50,11.0,8,18.0,0.0,0.0,0.0,0.0
1341,sutcb101,0.0,0.0,8,0,2.0,0,0.0,0.0,0.0,0.0,0.0
1342,sutkg001,3.0,108.0,19,5,3.0,0,1.0,0.0,5.0,4.0,0.0
1343,suzuk001,1256.0,33543.0,8994,516,59.0,53,56.0,0.0,739.0,231.0,0.0
1344,sweej102,0.0,0.0,34,17,3.0,2,2.0,0.0,0.0,0.0,0.0
1345,sweem002,167.0,4629.0,1111,73,14.0,22,16.0,0.0,94.0,54.0,0.0
1346,sweer101,193.0,5317.0,1181,93,15.0,15,19.0,0.0,120.0,75.0,0.0
1347,swifb102,0.0,0.0,3601,477,64.0,75,63.0,0.0,0.0,0.0,0.0
1348,swihb001,100.0,2718.0,791,52,3.0,5,20.0,0.0,59.0,22.0,0.0
1349,swiss101,412.0,10928.0,2274,203,46.0,24,26.0,0.0,278.0,132.0,0.0
1350,tackj001,107.0,2897.0,586,59,5.0,7,14.0,0.0,69.0,39.0,0.0
1351,taltt101,6.0,366.0,91,6,2.0,0,0.0,6.0,13.0,4.0,3.0
1352,tamaj101,49.0,1376.0,278,18,8.0,10,3.0,0.0,65.0,12.0,0.0
1353,tankl101,0.0,0.0,1,0,0.0,0,0.0,0.0,0.0,0.0,0.0
1354,tappe101,102.0,2755.0,554,67,7.0,10,5.0,21.0,52.0,37.0,0.0
1355,tartt001,0.0,24.0,9,0,0.0,0,0.0,0.0,0.0,0.0,0.0
1356,tateb101,0.0,0.0,1534,306,50.0,43,19.0,0.0,0.0,0.0,0.0
1357,tatuc001,80.0,2170.0,566,43,7.0,3,2.0,0.0,52.0,14.0,0.0
1358,tatuj001,1.0,54.0,14,3,0.0,0,0.0,0.0,3.0,4.0,0.0
1359,taube001,727.0,19698.0,4941,340,65.0,47,62.0,0.0,609.0,186.0,0.0
1360,taylb003,0.0,33.0,10,1,0.0,0,0.0,0.0,1.0,1.0,0.0
1361,taylb105,0.0,3.0,1,0,0.0,0,0.0,0.0,0.0,0.0,0.0
1362,taylc102,79.0,2272.0,450,36,10.0,5,10.0,5.0,53.0,15.0,0.0
1363,taylh102,82.0,2406.0,474,65,9.0,11,16.0,36.0,65.0,43.0,3.0
1364,tayls102,321.0,8687.0,1721,140,27.0,17,26.0,96.0,169.0,68.0,5.0
1365,taylz101,0.0,0.0,2880,752,86.0,83,72.0,0.0,0.0,0.0,0.0
1366,teagt001,139.0,3908.0,963,76,12.0,6,12.0,0.0,83.0,37.0,0.0
1367,tebbb101,0.0,0.0,4667,666,119.0,87,64.0,0.0,0.0,0.0,0.0
1368,tejaw001,14.0,357.0,77,9,0.0,1,3.0,0.0,13.0,4.0,0.0
1369,telit001,24.0,724.0,189,11,3.0,1,0.0,0.0,26.0,3.0,0.0
1370,tenag101,759.0,20038.0,3945,441,63.0,65,73.0,3.0,515.0,290.0,2.0
1371,testn101,0.0,3.0,0,0,1.0,0,0.0,0.0,1.0,0.0,0.0
1372,tettm001,792.0,20854.0,3978,346,39.0,36,64.0,0.0,581.0,236.0,0.0
1373,thacm101,84.0,2394.0,499,69,9.0,11,12.0,26.0,45.0,39.0,0.0
1374,thigc001,19.0,526.0,139,14,0.0,3,1.0,0.0,11.0,5.0,0.0
1375,tholj001,375.0,9904.0,2687,171,17.0,15,80.0,0.0,208.0,65.0,0.0
1376,thomd001,3.0,99.0,28,3,0.0,0,3.0,0.0,7.0,1.0,0.0
1377,thomg102,0.0,30.0,11,1,0.0,0,0.0,2.0,0.0,0.0,0.0
1378,thomk101,0.0,0.0,3,1,2.0,0,0.0,0.0,0.0,0.0,0.0
1379,thomp101,0.0,0.0,80,15,5.0,0,0.0,0.0,0.0,0.0,0.0
1380,thomr103,0.0,0.0,5,0,0.0,0,0.0,0.0,0.0,0.0,0.0
1381,thomt106,126.0,3375.0,618,68,10.0,14,15.0,34.0,37.0,34.0,0.0
1382,thomv101,182.0,5158.0,1128,92,15.0,22,19.0,34.0,48.0,49.0,7.0
1383,thoro101,0.0,16.0,4,0,0.0,1,0.0,0.0,1.0,0.0,0.0
1384,tillb101,639.0,17374.0,4230,253,55.0,40,52.0,179.0,371.0,116.0,8.0
1385,tingr001,193.0,5145.0,1104,127,14.0,12,22.0,0.0,123.0,82.0,0.0
1386,tiptj101,51.0,1306.0,1250,208,24.0,32,20.0,10.0,17.0,16.0,1.0
1387,tisct101,34.0,1071.0,216,18,2.0,5,3.0,2.0,17.0,11.0,0.0
1388,todda101,0.0,0.0,3006,411,81.0,59,28.0,0.0,0.0,0.0,0.0
1389,tonim001,2.0,51.0,13,1,0.0,0,2.0,0.0,1.0,0.0,0.0
1390,torbj101,449.0,11785.0,2998,214,32.0,31,31.0,43.0,219.0,123.0,6.0
1391,torew001,18.0,489.0,124,10,0.0,0,1.0,0.0,12.0,3.0,0.0
1392,torrj101,837.0,22309.0,4850,428,56.0,57,87.0,235.0,322.0,225.0,12.0
1393,torrl001,31.0,932.0,260,15,2.0,1,3.0,0.0,14.0,5.0,0.0
1394,torrr102,0.0,0.0,17,4,1.0,0,2.0,0.0,0.0,0.0,0.0
1395,torrs002,5.0,181.0,42,2,0.0,1,1.0,0.0,5.0,1.0,0.0
1396,torry001,774.0,20832.0,5451,368,36.0,48,37.0,0.0,454.0,191.0,0.0
1397,tovac101,0.0,3.0,1,0,0.0,0,0.0,0.0,0.0,0.0,0.0
1398,towlj001,124.0,3300.0,836,56,9.0,5,7.0,0.0,72.0,22.0,0.0
1399,tragw101,0.0,0.0,339,115,24.0,11,14.0,0.0,0.0,0.0,0.0
1400,tream001,383.0,10261.0,2858,157,32.0,20,15.0,0.0,247.0,87.0,0.0
1401,tremc001,11.0,306.0,68,4,1.0,0,1.0,0.0,15.0,4.0,0.0
1402,tresm101,0.0,0.0,3961,575,78.0,72,81.0,0.0,0.0,0.0,0.0
1403,treva001,599.0,16470.0,3850,398,89.0,42,47.0,0.0,494.0,261.0,0.0
1404,trevj001,1.0,51.0,15,0,0.0,0,0.0,0.0,0.0,0.0,0.0
1405,triag101,906.0,23598.0,5123,448,72.0,70,138.0,220.0,245.0,215.0,18.0
1406,trouq101,0.0,0.0,22,3,0.0,0,0.0,0.0,0.0,0.0,0.0
1407,tucke001,30.0,828.0,191,13,3.0,0,2.0,0.0,23.0,10.0,0.0
1408,tupmm001,0.0,3.0,0,0,0.0,0,0.0,0.0,0.0,0.0,0.0
1409,turnc001,109.0,2913.0,666,57,4.0,5,7.0,0.0,89.0,23.0,0.0
1410,turne101,0.0,0.0,101,11,3.0,3,2.0,0.0,0.0,0.0,0.0
1411,turns002,18.0,532.0,165,10,2.0,1,1.0,0.0,11.0,3.0,0.0
1412,turnt102,0.0,0.0,810,121,27.0,16,25.0,0.0,0.0,0.0,0.0
1413,ueckb101,217.0,5875.0,1279,130,27.0,18,47.0,92.0,115.0,57.0,14.0
1414,ulism101,0.0,0.0,4,1,2.0,0,0.0,0.0,0.0,0.0,0.0
1415,unsea101,0.0,0.0,361,53,14.0,9,5.0,0.0,0.0,0.0,0.0
1416,urbal101,0.0,0.0,71,35,5.0,1,2.0,0.0,0.0,0.0,0.0
1417,valeb102,0.0,3.0,0,0,0.0,0,0.0,0.0,0.0,0.0,0.0
1418,valej004,324.0,9177.0,2203,163,21.0,14,29.0,0.0,179.0,75.0,0.0
1419,valey001,2.0,84.0,24,2,0.0,0,1.0,0.0,2.0,1.0,0.0
1420,valld001,801.0,21003.0,4898,407,44.0,56,57.0,0.0,474.0,267.0,0.0
1421,vallh101,3.0,99.0,20,1,0.0,0,0.0,0.0,4.0,1.0,0.0
1422,vangd001,128.0,3477.0,786,41,8.0,6,5.0,0.0,125.0,27.0,0.0
1423,varij001,1372.0,36498.0,10166,541,69.0,72,105.0,0.0,992.0,301.0,0.0
1424,varnp101,48.0,1372.0,293,26,4.0,2,7.0,0.0,45.0,23.0,0.0
1425,vazqc001,250.0,6816.0,2205,131,18.0,12,39.0,0.0,80.0,57.0,0.0
1426,velaf101,8.0,254.0,63,3,1.0,0,1.0,2.0,8.0,2.0,0.0
1427,veltp101,0.0,0.0,27,2,0.0,0,1.0,0.0,0.0,0.0,0.0
1428,vicke101,0.0,0.0,107,27,8.0,6,0.0,0.0,0.0,0.0,0.0
1429,villh001,110.0,2723.0,608,55,11.0,5,12.0,0.0,82.0,35.0,0.0
1430,vilom001,7.0,217.0,60,7,0.0,0,1.0,0.0,8.0,3.0,0.0
1431,virgo001,608.0,16324.0,3582,360,52.0,46,46.0,0.0,654.0,227.0,0.0
1432,virgo101,15.0,498.0,98,9,1.0,1,7.0,12.0,10.0,2.0,0.0
1433,vogts001,310.0,8243.0,2371,124,20.0,12,24.0,0.0,180.0,64.0,0.0
1434,wagnh102,0.0,0.0,2423,271,53.0,36,46.0,0.0,0.0,0.0,0.0
1435,wakad001,9.0,275.0,47,2,0.0,2,4.0,0.0,2.0,2.0,0.0
1436,walbm001,565.0,15230.0,3303,248,34.0,25,42.0,0.0,420.0,188.0,0.0
1437,walkh101,0.0,0.0,1,0,0.0,0,0.0,0.0,0.0,0.0,0.0
1438,walkj103,0.0,0.0,49,12,2.0,0,1.0,0.0,0.0,0.0,0.0
1439,walkr101,164.0,4444.0,1976,204,39.0,32,20.0,39.0,39.0,39.0,1.0
1440,wallc001,15.0,428.0,132,9,3.0,1,1.0,0.0,5.0,3.0,0.0
1441,walll101,0.0,3.0,0,0,0.0,0,0.0,0.0,0.0,0.0,0.0
1442,waltd001,75.0,2001.0,467,46,8.0,6,6.0,0.0,74.0,31.0,0.0
1443,waltd101,0.0,12.0,3,0,0.0,0,0.0,0.0,0.0,1.0,0.0
1444,waltf101,0.0,0.0,108,35,1.0,2,3.0,0.0,0.0,0.0,0.0
1445,waltr102,0.0,0.0,1047,300,27.0,40,18.0,0.0,0.0,0.0,0.0
1446,warrb102,0.0,0.0,1167,213,40.0,31,17.0,0.0,0.0,0.0,0.0
1447,warwb101,0.0,0.0,52,10,3.0,0,1.0,0.0,0.0,0.0,0.0
1448,wasel101,0.0,0.0,3,0,0.0,0,0.0,0.0,0.0,0.0,0.0
1449,waszb001,12.0,354.0,66,2,0.0,1,4.0,0.0,3.0,1.0,0.0
1450,wathd001,1.0,42.0,14,0,0.0,0,0.0,0.0,1.0,0.0,0.0
1451,wathj001,495.0,13361.0,2224,194,44.0,23,15.0,0.0,313.0,152.0,0.0
1452,watkd101,33.0,1010.0,241,18,5.0,2,13.0,21.0,20.0,13.0,0.0
1453,watln101,0.0,0.0,37,7,1.0,2,0.0,0.0,0.0,0.0,0.0
1454,watsb001,2.0,96.0,28,2,1.0,0,4.0,0.0,5.0,1.0,0.0
1455,websl001,380.0,10708.0,2648,189,15.0,24,28.0,0.0,356.0,123.0,0.0
1456,wedge001,5.0,132.0,25,3,0.0,1,1.0,0.0,5.0,1.0,0.0
1457,wehnj001,0.0,12.0,4,0,0.0,0,0.0,0.0,0.0,0.0,0.0
1458,weigr101,0.0,0.0,179,28,5.0,8,6.0,0.0,0.0,0.0,0.0
1459,welcm101,0.0,0.0,3,1,0.0,1,0.0,0.0,0.0,0.0,0.0
1460,wendl101,0.0,0.0,41,11,4.0,0,1.0,0.0,0.0,0.0,0.0
1461,wernd101,85.0,2349.0,481,40,11.0,9,5.0,0.0,89.0,20.0,0.0
1462,wertd101,2.0,75.0,17,1,0.0,0,1.0,0.0,2.0,0.0,0.0
1463,westd101,0.0,0.0,305,36,8.0,4,6.0,0.0,0.0,0.0,0.0
1464,westw101,220.0,5732.0,3639,415,62.0,82,61.0,30.0,49.0,42.0,4.0
1465,wheam101,0.0,0.0,432,155,26.0,12,11.0,0.0,0.0,0.0,0.0
1466,wheed101,0.0,0.0,210,36,6.0,4,2.0,0.0,0.0,0.0,0.0
1467,whisp101,0.0,3.0,0,1,1.0,0,0.0,0.0,0.0,0.0,0.0
1468,whitc101,25.0,700.0,140,6,2.0,0,2.0,8.0,6.0,4.0,0.0
1469,whitd101,35.0,962.0,202,15,0.0,4,6.0,0.0,22.0,8.0,0.0
1470,white002,1050.0,28202.0,6091,497,59.0,67,71.0,0.0,691.0,347.0,0.0
1471,white004,142.0,4116.0,1217,104,14.0,11,15.0,0.0,112.0,47.0,0.0
1472,whits103,734.0,19189.0,4738,506,84.0,83,52.0,137.0,199.0,174.0,19.0
1473,whits104,0.0,0.0,0,5,0.0,0,0.0,0.0,0.0,0.0,0.0
1474,widgc001,506.0,13244.0,3205,238,52.0,28,45.0,0.0,426.0,134.0,0.0
1475,wiegt001,4.0,126.0,36,3,0.0,0,5.0,0.0,10.0,2.0,0.0
1476,wietm001,965.0,25685.0,7199,411,56.0,68,26.0,0.0,429.0,203.0,0.0
1477,wilbd101,16.0,379.0,818,81,20.0,15,24.0,4.0,5.0,4.0,1.0
1478,wilkr001,553.0,15123.0,3608,374,31.0,42,48.0,0.0,386.0,240.0,0.0
1479,willd109,0.0,0.0,571,82,16.0,9,7.0,0.0,0.0,0.0,0.0
1480,wille101,423.0,11183.0,2109,192,38.0,30,71.0,0.0,288.0,135.0,0.0
1481,wille102,0.0,0.0,1,0,0.0,0,0.0,0.0,0.0,0.0,0.0
1482,willg002,92.0,2627.0,565,48,12.0,4,7.0,0.0,80.0,26.0,0.0
1483,willj001,199.0,5385.0,1067,99,14.0,19,16.0,0.0,155.0,62.0,0.0
1484,willj004,7.0,206.0,48,1,1.0,0,4.0,0.0,9.0,1.0,0.0
1485,willj005,7.0,209.0,58,6,0.0,0,1.0,0.0,5.0,1.0,0.0
1486,wilsa102,0.0,0.0,215,84,8.0,4,6.0,0.0,0.0,0.0,0.0
1487,wilsb002,280.0,7540.0,2196,137,13.0,17,14.0,0.0,184.0,62.0,0.0
1488,wilsc003,20.0,651.0,130,13,2.0,1,4.0,0.0,12.0,3.0,0.0
1489,wilsd001,1178.0,31091.0,8109,470,45.0,65,42.0,0.0,624.0,314.0,0.0
1490,wilsj105,0.0,0.0,4916,931,136.0,153,88.0,0.0,0.0,0.0,0.0
1491,wilsm103,0.0,0.0,3,2,1.0,0,0.0,0.0,0.0,0.0,0.0
1492,wilsn101,2.0,90.0,23,0,1.0,0,1.0,0.0,2.0,0.0,0.0
1493,wilsr102,454.0,12250.0,2884,236,33.0,41,45.0,86.0,116.0,98.0,8.0
1494,wilst003,120.0,3299.0,776,49,9.0,8,10.0,0.0,111.0,28.0,0.0
1495,wilsv001,245.0,7164.0,1674,173,18.0,19,15.0,0.0,135.0,90.0,0.0
1496,winer001,9.0,318.0,68,12,1.0,2,1.0,0.0,17.0,4.0,0.0
1497,winge101,0.0,0.0,8,1,0.0,0,0.0,0.0,0.0,0.0,0.0
1498,wingi101,0.0,0.0,1716,536,79.0,53,36.0,0.0,0.0,0.0,0.0
1499,wirtk101,0.0,0.0,87,16,2.0,2,5.0,0.0,0.0,0.0,0.0
1500,wiseh101,0.0,0.0,9,2,0.0,0,0.0,0.0,0.0,0.0,0.0
1501,withf101,0.0,0.0,188,57,9.0,11,5.0,0.0,0.0,0.0,0.0
1502,wockj001,216.0,5957.0,1212,119,39.0,17,27.0,0.0,188.0,82.0,0.0
1503,wolfl101,0.0,3.0,2,0,0.0,0,0.0,0.0,0.0,0.0,0.0
1504,woltt001,180.0,4730.0,1467,115,12.0,10,16.0,0.0,79.0,37.0,0.0
1505,womas101,0.0,0.0,3,1,0.0,0,1.0,0.0,0.0,0.0,0.0
1506,woodl101,0.0,0.0,1335,303,26.0,25,25.0,0.0,0.0,0.0,0.0
1507,woots001,29.0,849.0,169,16,0.0,0,9.0,0.0,24.0,11.0,0.0
1508,wronr001,47.0,1360.0,296,32,8.0,3,4.0,0.0,25.0,13.0,0.0
1509,wyneb001,1164.0,31563.0,6281,583,75.0,88,61.0,0.0,708.0,478.0,0.0
1510,wynna001,33.0,901.0,257,26,1.0,3,3.0,0.0,15.0,7.0,0.0
1511,yankg101,0.0,0.0,29,6,0.0,0,0.0,0.0,0.0,0.0,0.0
1512,yaryy101,0.0,0.0,143,40,10.0,2,0.0,0.0,0.0,0.0,0.0
1513,yeags001,1051.0,28276.0,6110,674,88.0,75,78.0,0.0,595.0,365.0,0.0
1514,yella101,0.0,0.0,4,1,1.0,0,0.0,0.0,0.0,0.0,0.0
1515,yewct101,0.0,9.0,4,1,1.0,0,0.0,0.0,1.0,0.0,0.0
1516,yorkr101,0.0,0.0,883,137,19.0,21,30.0,0.0,0.0,0.0,0.0
1517,yoste001,173.0,4718.0,843,54,16.0,7,24.0,0.0,162.0,30.0,0.0
1518,younj001,0.0,3.0,0,0,0.0,0,0.0,0.0,0.0,0.0,0.0
1519,younr102,0.0,0.0,44,7,0.0,0,0.0,0.0,0.0,0.0,0.0
1520,yvars101,12.0,316.0,526,86,8.0,11,13.0,1.0,2.0,1.0,0.0
1521,zaung001,910.0,24700.0,6134,418,88.0,59,51.0,0.0,651.0,209.0,0.0
1522,zeilt001,121.0,3256.0,670,66,11.0,4,15.0,0.0,110.0,45.0,0.0
1523,zellb101,0.0,3.0,1,0,0.0,0,0.0,0.0,0.0,0.0,0.0
1524,zimmd101,27.0,744.0,150,18,6.0,1,5.0,12.0,10.0,10.0,3.0
1525,zimmj101,298.0,8560.0,2131,150,21.0,26,19.0,84.0,110.0,80.0,4.0
1526,zinta001,0.0,3.0,2,0,0.0,0,0.0,0.0,0.0,0.0,0.0
1527,zunim001,535.0,14489.0,4356,264,21.0,22,39.0,0.0,248.0,98.0,0.0
1528,zupof101,1.0,114.0,31,1,2.0,0,1.0,1.0,2.0,1.0,0.0
