retroID,GS,InnOuts,PO,A,E,DP,PB,WP,SB,CS,ZR
adamb105,1,27,6,0,0,0,0,0,1,0,0
adamb106,0,0,249,90,12,15,7,0,0,0,0
adamd101,3,78,9,2,0,0,1,0,0,0,0
adled101,65,1840,453,26,4,2,8,19,37,16,0
afent001,20,613,123,5,1,3,6,0,17,3,0
agnes101,0,0,141,48,5,5,2,0,0,0,0
ainse101,0,0,1528,361,72,31,34,0,0,0,0
alexg101,205,5481,1008,100,35,8,24,0,212,67,0
alfaj002,130,3430,1135,71,13,9,14,0,72,26,0
alfoe002,150,4035,1059,76,17,10,7,0,93,39,0
allaa001,453,11965,2395,208,52,24,41,0,292,129,0
alleg001,342,8959,1762,146,32,24,27,0,233,110,0
alleh104,0,3,0,0,0,0,0,0,0,0,0
allen101,0,0,143,49,8,7,4,0,0,0,0
allib101,13,366,92,6,0,0,1,0,12,4,0
almob001,0,3,0,0,0,0,0,0,0,0,0
aloms001,1203,31914,7667,464,86,72,71,0,758,328,0
alvac001,1,24,10,0,0,0,0,0,2,0,0
andeb005,15,403,108,8,3,0,0,0,10,1,0
andef102,0,0,290,39,11,5,10,0,0,0,0
andej001,1,47,8,1,0,0,1,0,4,0,0
andrs101,0,0,154,26,12,2,6,0,0,0,0
anglt101,0,0,23,7,1,0,3,0,0,0,0
antoj102,0,0,9,1,0,1,0,0,0,0,0
arcif001,25,663,190,15,2,1,1,0,9,5,0
ardod001,132,3545,918,85,12,10,14,0,62,37,0
arenj001,370,9950,2691,200,24,12,39,0,228,83,0
armsg101,0,0,4,1,0,1,0,0,0,0,0
arnoc101,4,108,16,1,1,0,4,0,4,0,0
asbjc101,0,0,156,36,8,5,5,0,0,0,0
ashba001,1191,31541,7086,684,113,74,113,0,1112,445,0
ashft001,0,3,1,0,0,0,0,0,0,0,0
ashln001,5,124,41,3,0,0,0,0,2,1,0
astrj101,161,4329,2057,233,31,46,42,37,46,39,13
astuw001,14,393,114,7,1,0,0,0,6,3,0
atwet101,156,4065,1499,156,34,12,30,17,55,26,0
atwob101,0,0,1069,171,33,24,24,0,0,0,0
auldt101,0,0,7,0,0,0,0,0,0,0,0
ausmb001,1766,47522,12839,956,79,130,61,0,894,480,0
austj101,0,0,0,0,0,0,0,0,0,0,0
autrc102,0,0,268,60,12,6,7,0,0,0,0
avere102,163,4514,1118,88,19,10,28,51,101,41,5
avila001,772,20340,5886,363,32,53,53,0,467,193,0
aylwd101,0,0,4,0,0,0,0,0,0,0,0
ayraj001,0,58,14,0,0,0,0,0,0,0,0
azcuj101,773,20781,5329,452,44,67,117,211,243,201,26
baile101,983,26194,5267,450,80,57,48,187,293,195,34
bailm001,271,7377,1722,152,32,13,39,0,263,109,0
bakeb101,0,0,601,83,12,10,11,0,0,0,0
bakej002,288,7711,2190,135,18,7,21,0,248,57,0
bakop001,646,17254,4477,334,50,41,58,0,409,187,0
baldf101,0,0,9,0,0,0,1,0,0,0,0
baldr102,13,368,79,8,4,1,0,0,19,4,0
bandc001,367,9876,1888,183,27,23,36,0,242,122,0
bandj001,123,3269,942,73,6,8,11,0,67,31,0
bankb001,23,691,152,14,3,3,5,0,29,1,0
bantb001,1,24,5,0,0,0,0,0,2,0,0
barar001,965,25528,6768,401,51,47,54,0,491,187,0
bardj001,468,12675,3102,229,28,31,26,0,358,98,0
barna001,114,2977,1079,37,4,7,5,0,51,13,0
barnh101,0,0,0,0,0,0,0,0,0,0,0
barnt001,405,10737,3153,272,12,21,20,0,204,106,0
baros002,5,117,46,3,0,0,1,0,3,0,0
barrc101,50,1332,243,31,7,3,9,16,23,15,2
barrm003,820,21926,6020,358,50,50,74,0,591,165,0
bartb101,317,8454,1986,185,28,30,9,25,181,125,1
bassj102,0,0,2507,666,58,66,33,0,0,0,0
bated101,14,426,116,8,1,0,5,0,14,5,0
batej102,923,23822,5686,491,113,81,104,190,425,222,21
bathb001,36,970,234,12,2,2,2,0,36,12,0
batte101,1016,26308,6176,501,69,73,96,311,276,214,42
battm101,60,1641,1962,221,38,32,37,8,20,12,1
baueh101,0,3,0,0,0,0,1,0,0,0,0
beanb001,0,3,1,0,0,0,0,0,0,0,0
beckj102,0,0,69,11,3,0,2,0,0,0,0
belle002,3,87,18,0,0,0,0,0,0,0,0
bellt001,0,49,7,0,0,0,0,0,1,0,0
bencj101,1627,43467,9249,850,97,127,94,130,610,469,22
beneb001,892,23342,4651,577,53,50,55,0,772,360,0
bengb101,0,0,1334,286,20,42,15,0,0,0,0
benng001,475,12693,2915,171,27,21,30,0,257,71,0
bentb001,28,761,126,16,6,1,6,0,18,7,0
berbl101,334,8952,1786,172,15,25,26,63,93,97,8
bergj102,0,0,29,0,2,1,0,0,0,0,0
bergm103,0,0,1693,306,29,44,33,0,0,0,0
berrc103,0,0,2047,406,44,48,35,0,0,0,0
berrd002,507,13742,3104,273,41,24,49,0,399,179,0
berrr101,0,0,1704,278,23,35,25,0,0,0,0
berry101,868,22862,8738,798,110,175,76,123,208,203,10
bertd101,389,10176,2053,263,36,32,63,107,150,137,18
bethc001,105,2820,769,69,9,8,19,0,37,20,0
bettl101,0,0,4,0,0,0,1,0,0,0,0
biess001,0,9,2,0,0,0,0,0,0,0,0
biggc001,392,10479,2456,202,30,20,32,0,434,130,0
bilad001,277,7655,1757,202,24,15,29,0,242,143,0
billd101,222,5964,1259,117,23,22,34,0,149,81,0
billj103,0,0,272,82,10,4,5,0,0,0,0
biscj101,0,0,229,66,11,9,7,0,0,0,0
bishm101,3,75,16,1,1,0,0,0,3,1,0
bjorg101,25,676,136,16,1,0,4,0,24,8,0
blacf101,0,0,87,19,4,1,0,0,0,0,0
blact101,316,8821,1850,225,40,33,20,0,334,151,0
blaer101,0,0,5,0,0,0,0,0,0,0,0
blaic001,9,251,57,1,4,0,0,0,5,2,0
blanh001,794,21317,5659,475,38,78,55,0,360,269,0
blanj101,122,3445,750,46,15,5,18,39,58,15,2
blefc101,57,1572,336,32,7,1,14,15,35,26,0
blotj101,0,0,1,0,0,0,0,0,0,0,0
blowm001,0,3,1,0,0,0,0,0,0,0,0
bobbr101,3,94,18,2,0,0,0,1,1,2,0
boccj101,234,6655,1433,146,25,21,24,18,126,86,0
bochb002,203,5790,1218,130,29,17,14,0,220,88,0
boltc101,0,0,855,130,26,19,18,0,0,0,0
bookb101,5,166,27,2,1,0,1,1,4,1,0
boola101,0,0,271,58,9,8,5,0,0,0,0
boonb001,2091,55378,11260,1174,178,154,97,0,1108,731,0
bordp001,842,23049,5397,503,74,52,73,0,633,334,0
borgg101,407,10865,2257,236,28,26,14,0,283,178,0
boscj001,6,210,76,4,1,0,0,0,8,2,0
bottj102,0,0,44,9,0,0,3,0,0,0,0
boudl101,0,0,4,2,0,0,0,0,0,0,0
bower002,86,2826,677,46,10,6,10,0,71,16,0
boylj103,0,0,0,0,0,0,0,0,0,0,0
bradb103,0,0,4,2,1,0,0,0,0,0,0
bradg102,0,0,21,1,2,0,0,0,0,0,0
brads001,367,9721,2277,154,24,27,29,0,304,97,0
bragb101,0,0,518,75,12,16,3,0,0,0,0
branr002,103,2798,736,62,7,7,17,0,59,22,0
branr101,279,7818,1928,168,25,25,34,103,143,82,9
breed101,24,666,162,11,5,2,3,0,12,4,0
bremh101,0,0,239,36,6,4,5,0,0,0,0
brenb001,590,16082,3577,408,63,41,75,0,514,280,0
brenb101,0,0,237,30,4,5,7,0,0,0,0
bricj001,34,906,269,32,2,2,4,0,10,8,0
brigh101,6,181,26,4,0,1,1,6,7,2,0
brinc101,81,2443,513,59,7,9,16,2,53,33,0
britg102,0,0,3,1,0,0,0,0,0,0,0
britj001,18,518,145,13,1,1,5,0,11,6,0
britj002,61,1574,427,33,5,3,7,0,42,20,0
broot001,0,15,7,1,0,0,0,0,2,0,0
bross101,0,0,23,6,2,1,0,0,0,0,0
brott101,0,0,101,29,2,1,3,0,0,0,0
browd003,11,377,81,9,0,3,5,0,11,3,0
browd102,522,14081,3150,242,38,48,53,116,169,116,10
browj005,0,3,2,0,0,0,0,0,0,0,0
browk004,52,1493,380,29,4,2,7,0,43,18,0
browr102,7,239,46,5,0,2,0,1,7,3,1
browt002,52,1496,393,33,3,0,4,0,31,9,0
bruce101,0,0,708,95,16,20,11,0,0,0,0
bruce102,0,0,6,1,0,0,1,0,0,0,0
brugf101,0,0,484,149,40,17,23,0,0,0,0
brumg001,95,2887,536,36,11,6,12,0,79,28,0
brumm101,174,4772,1023,73,10,6,20,56,70,39,3
bruna101,0,18,4,0,0,0,0,0,0,0,0
bryab101,237,6374,1456,113,26,17,42,99,124,47,6
bryad101,28,804,225,12,4,4,6,8,29,4,0
buchj104,0,0,261,27,6,4,7,0,0,0,0
buckj001,992,26436,6733,363,58,50,49,0,495,166,0
buddr001,9,298,91,6,1,1,2,0,6,2,0
bullb101,108,2912,597,48,11,7,7,0,74,40,0
burbn101,49,1270,261,24,6,4,7,7,7,8,1
burgs101,808,21318,5214,441,71,63,73,144,273,156,14
burkj003,107,3060,768,39,7,2,8,0,55,26,0
burkl102,0,13,3,0,0,0,0,0,0,0,0
burkm101,0,3,1,0,0,0,0,0,0,0,0
burnj102,0,0,12,2,1,1,0,0,0,0,0
burrp101,0,0,254,17,0,3,7,0,0,0,0
busbj101,0,3,0,0,0,0,0,0,0,0,0
buted001,353,9842,2652,173,25,15,38,0,197,84,0
butes001,255,6873,1382,149,35,16,22,0,215,101,0
butld001,7,192,48,3,1,0,3,0,5,3,0
cabrf001,12,383,84,6,2,0,3,0,11,4,0
cabrr001,48,1312,374,22,4,2,2,0,33,11,0
cadyh101,0,0,85,35,2,2,5,0,0,0,0
caitg101,0,0,21,2,1,1,0,0,0,0,0
calds101,5,207,158,16,4,6,6,1,3,3,0
cameh101,0,0,489,55,17,5,5,0,0,0,0
camid101,214,5854,1452,105,25,10,20,63,84,55,2
campb101,0,3,2,1,0,0,0,0,1,0,0
campg101,0,0,751,123,22,13,19,0,0,0,0
campj104,64,1706,420,48,12,5,8,20,40,19,1
campj105,42,1341,328,26,6,5,7,9,41,14,0
campr102,431,11551,6520,550,85,82,56,93,85,80,4
cancr001,23,643,179,13,2,2,2,0,15,4,0
cannc101,617,15964,3161,333,62,42,50,109,255,174,21
carav001,38,1099,343,25,3,3,3,0,32,12,0
cardj001,53,1465,274,27,7,3,10,0,24,16,0
carif101,0,0,1,0,0,0,0,0,0,0,0
carll001,38,1085,296,20,3,3,5,0,38,10,0
carrc104,287,7270,1648,115,13,21,28,57,92,41,7
cartg001,1955,52107,11785,1203,121,149,84,0,1498,810,0
cartr101,14,387,88,8,3,1,2,5,6,5,0
casac001,150,4104,1297,86,9,10,9,0,79,31,0
casap101,729,19832,4040,395,69,65,65,135,314,210,21
casar001,276,7413,1814,139,26,21,23,0,221,82,0
cashk001,189,5172,1249,128,10,17,33,0,133,52,0
casta001,320,8596,2292,165,23,19,21,0,162,113,0
castj006,662,17488,4907,339,25,45,61,0,365,132,0
castj102,0,0,6,1,1,0,1,0,0,0,0
castm001,52,1454,306,24,8,3,7,0,37,21,0
castr002,373,10502,2691,172,29,21,16,0,221,94,0
castt101,3,78,16,3,1,0,1,0,1,2,0
castv101,0,0,207,32,6,8,8,0,0,0,0
castw002,579,15393,4266,378,44,35,46,0,282,140,0
centj001,87,2413,674,51,11,4,14,0,41,6,0
ceror001,1135,30342,6548,536,70,59,99,0,705,413,0
cervf001,582,15399,4474,365,47,32,40,0,361,110,0
chand101,0,1,0,0,0,0,0,0,1,0,0
chape102,0,0,64,18,4,3,3,0,0,0,0
charf001,1,27,7,2,0,1,0,0,1,0,0
chavr001,187,5144,1379,133,11,11,12,0,90,63,0
cherp101,0,0,89,12,1,0,2,0,0,0,0
chirr001,407,10714,2761,162,20,18,21,0,215,72,0
chith101,384,10199,2197,240,42,35,64,65,133,79,6
chozh101,0,0,4,1,1,0,0,0,0,0,0
chris001,5,138,37,4,0,0,1,0,7,4,0
churj101,0,0,15,4,0,0,0,0,0,0,0
ciana001,0,3,0,0,0,0,0,0,0,0,0
ciasd101,4,192,27,2,1,1,1,0,8,1,0
ciufn001,14,333,108,5,0,0,4,0,7,1,0
clarc001,10,306,87,11,1,2,2,0,6,7,0
clarc101,0,0,65,8,5,2,3,0,0,0,0
clarn101,0,0,75,34,3,1,3,0,0,0,0
clarp001,1,125,31,5,1,1,1,0,5,1,0
clemj001,35,876,195,7,1,0,5,0,18,2,0
clemv101,0,0,1396,396,31,35,31,0,0,0,0
clevs001,98,2576,687,43,7,2,7,0,80,16,0
clibs101,16,599,127,9,4,0,0,0,24,7,0
closj001,120,3193,778,55,13,8,12,0,89,28,0
cobld101,0,0,27,3,2,0,1,0,0,0,0
cochd001,13,505,100,15,1,1,7,0,10,6,0
cochm101,0,0,6414,840,111,104,88,0,0,0,0
cokej101,160,4323,1027,100,19,13,22,62,112,56,7
colbc001,29,842,191,16,2,4,6,0,18,11,0
colbg001,0,3,0,0,0,0,0,0,0,0,0
colbm101,65,1728,324,31,11,5,2,0,49,31,0
colec105,113,3129,667,82,18,12,17,46,61,41,7
colia001,1,27,8,0,0,0,0,0,0,0,0
collp101,0,0,1339,249,43,27,20,0,0,0,0
collr102,0,0,138,24,8,3,5,0,0,0,0
comew101,0,9,2,0,0,0,0,2,0,0,0
compm101,38,978,265,13,4,1,5,0,23,11,0
congh001,287,7791,2284,139,31,17,6,0,247,58,0
conne101,0,0,366,86,16,2,5,0,0,0,0
conng101,0,0,13,1,0,0,2,0,0,0,0
conrb101,0,0,590,74,18,13,12,0,0,0,0
contw001,255,6962,2184,188,30,16,22,0,135,63,0
coopw102,89,2386,5166,589,138,80,79,21,22,12,0
coraj001,0,6,3,0,0,0,0,0,1,0,0
corpc001,197,5273,1471,107,20,17,10,0,133,40,0
corrp102,236,6239,1418,106,24,17,20,29,108,55,2
corrv101,329,8777,1704,216,41,10,59,0,293,106,0
costc001,176,4925,1253,58,7,10,10,0,106,30,0
cotah001,131,3514,847,61,5,7,13,0,65,26,0
courc101,516,13834,3556,379,50,63,57,108,214,143,16
cousd101,0,0,1,0,1,0,0,0,0,0,0
cox-d002,3,155,48,4,2,1,0,0,2,1,0
cox-l101,266,6950,1279,159,25,17,20,0,211,105,0
crand102,1133,30642,7352,759,89,116,60,174,289,240,39
crisd102,2,72,13,0,0,0,0,0,2,0,0
cromh101,0,0,108,19,2,1,3,0,0,0,0
cronb101,0,0,338,54,13,11,7,0,0,0,0
croub101,0,0,1296,385,63,37,22,0,0,0,0
crouj101,0,0,66,14,2,1,1,0,0,0,0
crowd101,1,51,9,1,0,0,1,0,4,1,0
crumg101,0,0,16,4,0,1,0,0,0,0,0
cruzt002,134,4003,1172,77,4,7,12,0,68,25,0
culpb102,0,0,23,2,2,0,1,0,0,0,0
cummj101,0,0,90,17,6,2,1,0,0,0,0
dahlb101,0,0,0,0,0,0,0,0,0,0,0
dalem001,16,562,116,7,1,2,2,0,17,6,0
dalep101,277,7889,1473,144,11,21,25,50,106,56,7
dalrc101,869,23505,5557,566,78,79,91,218,320,306,30
dalyt102,0,0,314,76,11,12,4,0,0,0,0
dannh101,0,0,3257,455,57,64,32,0,0,0,0
danni101,0,0,8,3,1,0,2,0,0,0,0
dantf101,0,0,152,16,14,0,1,0,0,0,0
dappc101,0,0,20,3,0,1,0,0,0,0,0
darnt001,359,9488,3009,154,18,21,22,0,229,62,0
datzj001,1,57,17,1,0,0,0,0,0,1,0
dauld001,891,23824,5417,445,66,70,64,0,701,290,0
davib003,403,10894,2791,175,25,41,34,0,224,115,0
davib004,32,834,215,16,4,0,1,0,19,7,0
davib101,211,5584,959,100,24,14,11,0,131,73,0
david001,1,42,6,1,0,0,0,0,1,1,0
davij001,976,25688,5520,640,81,65,98,0,815,445,0
davis101,0,0,4374,684,84,97,54,0,0,0,0
davit003,1,33,9,1,1,0,0,0,2,1,0
davit004,1,18,9,1,0,0,0,0,2,0,0
debeh101,0,0,2645,423,58,46,45,0,0,0,0
decks001,183,4869,1185,104,15,15,22,0,128,65,0
deidj101,0,22,7,1,0,0,0,0,0,1,0
dekob101,0,0,1,0,0,0,0,0,0,0,0
delab102,0,0,791,74,25,14,12,0,0,0,0
delga001,1,63,16,0,2,1,0,0,3,0,0
delgc001,0,15,3,0,0,0,0,0,0,0,0
dempr001,1343,36970,7367,768,99,111,61,0,770,507,0
denno101,0,0,213,36,2,6,5,0,0,0,0
depaj001,0,3,1,0,0,0,0,0,0,0,0
depht101,0,0,47,5,1,0,0,0,0,0,0
desag101,0,0,2837,325,34,41,19,0,0,0,0
devac001,4,177,52,1,0,0,1,0,8,1,0
devim101,0,0,54,9,4,0,3,0,0,0,0
devlj101,0,0,1,1,0,0,1,0,0,0,0
devoa101,0,0,394,95,17,4,12,0,0,0,0
dewij001,10,243,49,5,2,1,0,0,4,5,0
diazb001,869,23090,5294,525,82,60,71,0,686,357,0
diazc002,0,40,13,3,0,0,0,0,1,1,0
diaze002,577,15548,4155,399,46,43,35,0,370,189,0
diaze005,104,2897,864,82,13,10,3,0,48,20,0
diazm001,2,134,33,2,0,0,2,0,4,1,0
diazr001,34,873,193,24,2,2,7,0,27,10,0
dickb101,0,0,7965,954,108,137,76,0,0,0,0
dickg101,0,0,560,71,17,15,15,0,0,0,0
didib101,220,5855,1276,119,9,12,51,29,132,47,0
dietd101,477,12882,2860,202,61,30,86,76,273,98,1
difem001,458,12083,3023,300,40,43,52,0,280,151,0
dillp101,0,0,572,160,34,20,19,0,0,0,0
distb001,0,18,2,0,0,0,1,0,1,0,0
dixol101,0,0,492,139,19,12,6,0,0,0,0
dolla101,0,0,11,2,2,0,0,0,0,0,0
domia001,1,24,5,0,0,0,0,0,2,0,0
donaj001,8,214,64,5,2,0,1,0,8,4,0
donot101,100,2700,466,45,8,9,8,0,91,37,0
dormc101,0,0,1,1,0,0,0,0,0,0,0
dorsb001,100,2737,693,50,4,10,14,0,55,30,0
dottd101,82,2229,443,47,6,6,7,17,44,21,4
douga101,0,0,16,9,2,0,1,0,0,0,0
doumr001,504,13193,2907,285,42,30,40,0,351,108,0
downb001,610,16347,3383,325,40,31,26,0,519,264,0
doyld101,0,0,46,8,2,0,0,0,0,0,0
dresb102,0,0,114,14,2,2,4,0,0,0,0
duncd101,810,21888,4528,352,79,64,72,55,472,225,0
duram001,27,716,183,13,5,1,0,0,11,6,0
dyerd101,545,15144,3501,291,30,52,31,3,354,199,0
earlj101,0,0,2566,417,74,65,76,0,0,0,0
easle001,1,42,14,0,0,0,0,0,0,0,0
eastr102,0,0,29,4,0,1,1,0,0,0,0
edwab101,17,442,1926,200,39,32,38,6,10,6,1
edwad102,234,6281,1520,117,24,24,20,67,122,53,6
edwaj101,1268,34055,8925,703,82,105,102,303,580,376,26
egant101,287,7660,1861,171,27,23,50,23,212,94,1
ellia001,571,15319,4622,393,16,40,34,0,287,141,0
ellij101,245,6783,1306,123,33,17,26,4,174,88,0
ellir104,0,0,144,44,7,1,2,0,0,0,0
elmoj001,0,13,1,0,0,0,0,0,0,0,0
encaa001,55,1496,356,51,12,2,5,0,51,23,0
engld001,161,4364,777,66,18,7,11,0,112,46,0
ennir101,0,0,0,0,0,0,0,0,0,0,0
enrig101,1,21,4,0,0,0,0,0,4,1,0
eppsa101,0,0,6,0,2,0,0,0,0,0,0
erauj101,0,0,49,8,1,1,0,0,0,0,0
erich101,0,0,84,19,3,7,2,0,0,0,0
escoe001,0,3,0,0,0,0,0,0,0,0,0
espij001,19,614,130,11,1,0,2,0,16,3,0
espob001,0,12,3,0,0,0,0,0,0,0,0
espyc001,0,6,0,0,0,0,1,0,0,0,0
essij001,524,14226,2834,377,52,51,28,0,402,274,0
estab001,259,6914,1775,113,15,23,21,0,162,59,0
estrf101,0,12,1,0,0,0,1,0,0,0,0
estrj001,532,14036,3538,223,26,35,23,0,322,103,0
etcha101,781,20903,4884,365,68,45,43,94,388,244,3
euset001,444,12094,3224,212,28,26,31,0,283,119,0
evana101,0,0,2295,284,56,51,57,0,0,0,0
expol001,6,171,43,3,0,0,1,0,1,1,0
ezzeh101,0,0,6,2,0,0,0,0,0,0,0
fabrj001,496,13280,3185,298,38,30,39,0,322,178,0
faheb101,259,7229,1355,153,17,24,16,0,202,104,0
fannj101,38,1067,213,25,5,5,8,11,11,13,1
farmk001,0,27,5,1,0,0,0,0,0,0,0
fasas001,340,9025,2189,166,31,20,23,0,174,80,0
fedet001,83,2380,678,82,11,2,5,0,51,23,0
fehrb101,0,0,2,0,0,0,0,0,0,0,0
feldm101,0,0,8,2,0,0,0,0,0,0,0
felip001,0,1,0,0,0,0,0,0,1,0,0
fellj101,0,3,1,0,0,0,0,1,0,0,0
felsj101,20,621,113,11,4,1,0,1,8,3,0
fergj101,679,18292,3905,376,56,54,84,0,452,236,0
ferne101,0,0,88,11,5,2,1,0,0,0,0
fernf101,192,5274,1116,91,10,10,19,32,79,58,3
ferrr101,0,0,7248,1127,135,139,142,0,0,0,0
fickr001,123,3286,776,50,13,6,21,0,107,19,0
figgm001,28,798,180,13,5,1,2,0,22,7,0
filis101,0,0,0,0,0,0,0,0,0,0,0
fimpj001,61,1676,437,43,7,2,11,0,51,37,0
finlb102,0,0,367,57,15,7,5,0,0,0,0
finnh101,0,0,208,23,4,6,5,0,0,0,0
firod001,0,99,16,1,1,0,1,0,0,1,0
fiscm001,0,9,1,0,0,0,0,0,3,0,0
fiskc001,2097,55533,11369,1048,155,147,129,1,1302,665,0
fitze101,302,8017,2398,260,67,37,54,47,112,72,7
fitzm001,633,17177,4184,304,54,44,40,0,737,217,0
flahj001,920,24647,5784,457,67,66,43,0,707,302,0
fletd001,1028,26577,6678,406,47,49,46,0,884,280,0
florj002,239,6464,1663,131,15,12,21,0,152,51,0
florp101,0,0,212,41,17,7,7,0,0,0,0
flowt001,602,16026,4843,332,30,33,60,0,383,115,0
foilh101,424,11286,2362,209,36,40,47,99,114,84,6
folem001,107,2883,577,49,9,7,11,0,107,40,0
footb101,565,15020,3263,326,53,56,41,0,340,208,0
fordb001,514,13689,3299,185,42,29,29,0,406,127,0
fossr101,796,21263,4831,438,78,61,70,14,437,286,0
fox-c101,0,0,7,0,0,0,0,0,0,0,0
fox-j001,20,565,130,10,1,0,2,0,11,3,0
foxxj101,0,0,420,60,5,7,9,0,0,0,0
franh101,0,0,537,64,9,11,5,0,0,0,0
freeb103,1506,40309,9941,721,72,98,106,212,741,433,16
freed001,0,3,1,0,0,0,0,0,1,0,0
freer101,0,3,1,0,0,0,1,0,0,0,0
freid001,37,948,315,13,2,2,3,0,16,5,0
frenj101,193,5120,1052,128,22,16,16,45,98,85,3
fribb101,0,0,0,0,0,0,0,0,0,0,0
fry-j102,2,72,16,1,0,0,0,0,8,0,0
fryee001,85,2490,689,37,6,4,5,0,54,16,0
fuhro101,0,0,5,0,0,0,0,0,0,0,0
fussl101,0,0,117,13,1,1,4,0,0,0,0
gafff101,0,0,1,1,0,0,0,0,0,0,0
galer002,4,126,40,0,1,0,0,0,5,0,0
gallc001,24,649,169,4,1,0,1,0,11,3,0
garaj101,50,1296,2395,271,38,29,35,4,16,7,0
garbb102,0,0,399,45,2,9,9,0,0,0,0
garbm101,0,0,574,88,12,19,8,0,0,0,0
garca006,7,180,54,3,0,0,0,0,3,1,0
garcg001,9,261,79,6,1,1,2,0,9,7,0
garnd001,71,1956,523,40,5,2,9,0,25,17,0
garra101,7,312,64,7,3,1,7,0,11,4,0
garrh101,0,0,11,5,1,0,1,0,0,0,0
garvm001,79,2160,671,37,5,2,10,0,52,12,0
gasta101,0,0,487,109,13,11,9,0,0,0,0
gastt101,13,515,95,7,1,2,1,6,7,2,0
gatte001,224,6035,1925,123,18,8,16,0,119,38,0
gaudj101,3,105,27,1,1,0,0,0,3,0,0
gauts101,0,0,23,3,1,2,0,0,0,0,0
gedmr001,848,22833,5274,431,92,62,84,0,633,314,0
georg101,0,0,413,44,8,7,7,0,0,0,0
gereb001,222,6028,1319,126,12,17,18,0,147,89,0
gharp101,0,0,1486,441,52,48,24,0,0,0,0
gibbj001,14,384,87,10,1,1,0,0,14,6,0
gibbj101,426,11500,2441,209,37,27,20,53,140,108,3
gibsc101,0,0,14,6,3,0,0,0,0,0,0
gibsf101,0,0,822,214,31,26,15,0,0,0,0
gibsr102,216,5949,1369,105,26,14,31,72,115,69,2
gil-g001,236,6350,1537,136,14,24,31,0,141,64,0
giled101,4,192,35,4,0,1,0,2,4,2,0
gilhg101,0,0,2,1,1,0,0,0,0,0,0
gillp103,0,0,196,28,5,1,3,0,0,0,0
gimec001,243,6435,1841,123,15,18,19,0,145,50,0
gimeh001,21,605,170,12,2,3,5,0,16,6,0
ginsj101,204,5816,2304,234,44,40,63,40,64,51,4
giraj001,1128,30184,7619,605,77,77,82,0,798,384,0
giult101,0,0,786,109,22,16,20,0,0,0,0
gladj101,0,0,31,2,0,0,1,0,0,0,0
glenj101,0,0,822,113,27,11,12,0,0,0,0
goddj101,12,303,67,5,2,1,2,0,15,3,0
goffj001,59,1589,375,30,11,5,21,0,58,17,0
goggc101,0,12,1,0,0,0,0,0,0,0,0
gomer001,12,279,69,8,4,1,1,0,22,2,0
gomey001,561,15085,4967,337,41,32,30,0,235,125,0
gondj101,186,5178,1020,153,23,20,46,76,113,68,7
gonza006,3,72,21,1,1,0,1,0,2,1,0
gonzl002,0,16,4,0,0,0,0,0,0,0,0
gonzm004,1,54,12,1,0,0,0,0,2,0,0
gonzm101,0,0,1732,352,31,54,27,0,0,0,0
gonzw001,219,5884,1515,128,18,24,24,0,115,71,0
goocj101,0,0,2279,511,78,70,37,0,0,0,0
goosg101,28,828,182,12,5,2,6,10,31,8,0
gordm101,6,214,45,1,1,1,0,0,11,1,0
goset001,111,3034,900,65,4,4,6,0,49,26,0
gowdh101,0,0,1380,435,36,44,13,0,0,0,0
grabj101,0,0,909,172,23,17,11,0,0,0,0
grace101,0,0,1977,247,30,49,12,0,0,0,0
gracj101,0,0,36,3,2,1,5,0,0,0,0
grahd101,99,2501,466,55,11,4,13,0,58,39,0
grahr101,0,0,81,15,5,1,3,0,0,0,0
grany001,574,15526,5143,296,32,26,64,0,315,109,0
grasm101,3,126,1166,158,49,20,21,3,3,1,0
gratj001,32,925,284,30,1,1,0,0,24,12,0
graym101,0,0,10,0,0,0,0,0,0,0,0
greec002,21,667,180,12,1,0,2,0,18,5,0
greed102,0,9,0,0,0,0,0,0,0,0,0
greeg101,134,3464,684,52,10,5,22,54,66,20,1
greem001,0,3,3,0,1,0,0,0,2,0,0
greet003,255,6782,1495,113,14,13,26,0,203,70,0
gregt002,6,180,44,2,1,0,3,0,3,2,0
greig001,30,777,238,12,1,1,3,0,17,5,0
gremb101,0,0,0,0,0,0,0,0,0,0,0
griet102,0,0,2,0,0,0,0,0,0,0,0
grotj001,0,12,3,0,0,0,0,0,0,0,0
grotj101,1234,32827,8081,635,78,76,75,177,579,350,17
grubf101,0,0,1173,208,42,20,17,0,0,0,0
gubac001,10,248,39,8,1,1,3,0,8,3,0
guerm102,0,0,1637,242,48,33,41,0,0,0,0
guldb001,120,3271,730,84,15,13,12,0,111,55,0
gustf101,0,0,4,0,0,0,0,0,0,0,0
guzme001,18,521,110,10,1,1,1,0,6,5,0
gwosd001,24,853,194,13,4,3,3,0,16,9,0
haady001,10,269,61,6,3,1,0,0,5,5,0
haase001,2,96,29,0,1,0,0,0,5,0,0
haefb101,0,0,195,48,8,1,2,0,0,0,0
hahnd101,0,0,1,2,0,0,0,0,0,0,0
hairj101,1,15,3,1,0,0,1,0,0,0,0
hairs101,0,0,3,0,0,0,0,0,0,0,0
hallb105,39,1053,206,25,4,5,4,4,20,11,1
hallt001,635,16768,3795,260,44,30,37,0,312,154,0
hallt102,1080,28997,7012,508,64,86,121,239,485,258,22
halts001,0,6,1,0,0,0,0,0,0,0,0
hambj101,0,0,52,17,9,1,3,0,0,0,0
hammr001,83,2361,709,48,3,10,10,0,57,24,0
hampi101,28,1097,220,21,12,2,4,0,30,18,0
hancb101,0,0,1,0,0,0,0,0,0,0,0
hanel101,283,7912,1659,178,28,19,27,65,172,110,3
hanir001,570,15535,4440,291,20,40,39,0,240,137,0
hannt101,0,0,606,130,21,13,12,0,0,0,0
hargb101,0,0,2370,479,46,46,46,0,0,0,0
hargc101,0,0,1178,255,33,29,20,0,0,0,0
hargp101,0,0,1445,246,41,38,30,0,0,0,0
harmb102,0,0,4,2,0,0,0,0,0,0,0
harpb001,639,16734,3618,272,58,35,55,0,521,231,0
harpb002,13,312,77,1,1,0,0,0,9,0,0
harrj106,2,54,10,1,0,0,0,2,0,0,0
harss101,0,0,203,31,4,3,7,0,0,0,0
hartc101,0,0,9,1,1,0,1,0,0,0,0
hartg102,0,0,362,82,13,13,9,0,0,0,0
hartg103,0,0,7292,1254,139,163,126,0,0,0,0
haseb001,410,11318,2828,187,27,18,40,0,337,122,0
hassr001,853,22269,4828,364,39,54,67,0,579,262,0
hatcc002,2,68,20,2,0,0,0,0,0,1,0
hatts001,327,8693,2190,168,27,27,61,0,375,99,0
hayeb001,112,3161,830,64,6,7,6,0,72,24,0
hayeb101,2,60,9,2,0,0,0,0,3,3,0
hayef101,0,0,4938,661,129,106,139,0,0,0,0
haywr101,0,0,2581,348,40,46,36,0,0,0,0
haywr102,0,0,555,62,15,9,7,0,0,0,0
healf101,0,0,56,6,2,1,3,0,0,0,0
healf102,363,9766,1833,177,41,13,35,1,216,128,0
heare001,42,1217,260,12,3,1,5,0,39,10,0
hearj001,9,274,63,4,1,0,1,0,7,3,0
heatb101,41,1124,269,29,2,4,6,13,29,19,1
heatm001,935,25126,4919,537,106,73,65,0,571,327,0
heatt101,0,0,467,58,7,9,11,0,0,0,0
hedga001,237,6212,2082,118,26,14,9,0,125,57,0
heffb001,3,78,19,1,0,0,1,0,4,1,0
hegaj101,457,12344,7506,695,86,136,75,64,120,83,6
heinc001,20,598,154,6,0,0,1,0,16,2,0
helfe001,30,867,204,20,1,5,0,0,24,10,0
helfh101,0,0,265,56,12,8,6,0,0,0,0
hemos001,126,3535,796,74,8,8,18,0,92,56,0
hempb001,7,207,36,6,2,1,1,0,5,5,0
hemsr101,0,0,5868,897,154,141,75,0,0,0,0
hende103,500,13718,2783,228,31,29,58,30,259,161,1
henlb001,30,812,189,14,1,1,3,0,20,10,0
henlb101,0,0,1928,494,72,67,34,0,0,0,0
henrr101,11,322,75,8,1,2,1,2,4,3,1
hernc001,317,8834,2349,218,38,21,36,0,242,120,0
hernc101,0,0,272,38,7,1,8,0,0,0,0
hernm002,34,931,247,12,3,2,1,0,17,5,0
herno002,10,319,99,11,0,2,3,0,1,1,0
hernr002,1354,35603,9012,613,97,93,80,0,790,346,0
hernt001,0,15,1,0,0,0,0,0,0,0,0
herrc001,142,3809,1023,77,8,5,7,0,75,36,0
herre102,746,19503,4230,442,61,65,125,28,496,252,1
hersw101,0,0,433,45,10,4,6,0,0,0,0
hestj001,60,1641,430,22,0,4,5,0,57,10,0
hevij102,0,0,975,184,23,17,18,0,0,0,0
hiatj101,269,7111,1623,120,18,19,28,38,131,69,0
hickj001,42,1146,333,32,6,5,1,0,24,12,0
hietj001,0,3,2,0,0,0,0,0,0,0,0
higak001,25,720,280,16,1,1,3,0,17,3,0
higgk001,47,1237,308,31,6,1,10,0,43,16,0
hillk002,259,7142,2036,137,18,21,13,0,152,54,0
hillm001,537,14299,2961,281,33,31,16,0,374,201,0
hills004,0,12,2,0,0,0,0,0,0,0,0
hinca001,299,7825,1672,121,24,16,26,0,196,72,0
hinkg101,0,0,107,11,1,2,1,0,0,0,0
hintc101,8,219,50,2,0,0,6,0,3,3,0
hodgg101,0,9,242,24,8,7,4,0,0,0,0
hodgr001,369,9977,2095,211,52,26,31,0,326,144,0
hoffj104,6,132,26,1,0,0,2,2,5,0,0
hoffs101,0,0,392,56,7,11,4,0,0,0,0
hofmb101,10,336,71,7,0,2,1,1,3,1,0
hofmf101,0,0,1113,208,42,21,38,0,0,0,0
hogas101,0,0,3190,493,56,73,36,0,0,0,0
hoilc001,776,20298,4830,320,29,49,29,0,589,228,0
holab001,147,4168,1131,76,10,10,7,0,94,45,0
holbs101,0,0,145,12,8,0,4,0,0,0,0
holdj102,0,0,21,4,0,0,0,0,0,0,0
holmb101,0,0,357,52,8,5,9,0,0,0,0
holms002,26,829,237,7,0,1,1,0,26,4,0
holmw101,0,0,15,3,1,1,0,0,0,0,0
holtj101,0,6,0,0,0,0,0,0,2,0,0
hoovp001,26,727,172,14,3,0,5,0,15,8,0
hopkg101,0,75,19,1,0,0,1,0,0,0,0
hoslt101,67,2259,502,48,18,3,10,0,57,25,0
hostd001,0,6,0,0,0,0,0,0,0,0,0
houkr101,0,0,231,21,5,2,2,0,0,0,0
housf103,509,13554,2642,258,34,38,29,85,143,127,8
housj001,8,231,58,3,0,0,2,0,4,1,0
houst001,149,3822,1018,61,17,7,16,0,141,41,0
howac001,8,297,62,5,0,1,1,0,3,5,0
howae101,1066,28607,6447,479,51,87,75,248,285,223,20
howal102,99,2727,641,46,10,4,13,0,50,29,0
howaw101,0,29,4,1,0,0,1,0,2,0,0
howed102,13,378,1189,133,22,13,26,4,2,1,0
hrinw101,25,685,162,8,4,1,4,14,17,3,0
hubbm001,42,1245,307,17,2,2,4,0,53,13,0
hubbt001,0,9,1,0,0,0,0,0,0,0,0
huckk001,124,3366,777,54,10,13,17,0,65,34,0
hudsj002,4,114,39,2,0,0,0,0,3,0,0
huffb101,0,0,140,20,5,4,3,0,0,0,0
hughb001,76,2190,546,44,4,7,11,0,63,20,0
humpt101,344,8839,2042,202,31,30,22,0,265,168,0
hundn001,796,21500,5878,442,61,55,56,0,553,198,0
hundr101,951,25460,5765,493,61,65,54,137,396,288,9
hundt001,973,25818,6535,472,88,51,75,0,793,267,0
hungb101,0,0,159,25,6,2,1,0,0,0,0
huntr001,20,609,168,9,6,2,4,0,23,6,0
huppd001,8,234,48,3,2,2,1,0,7,2,0
hurdc001,15,421,98,7,0,0,5,0,16,5,0
huttj101,1,90,21,1,0,0,2,0,6,0,0
iannc001,995,26810,7313,532,41,49,66,0,588,191,0
ibanr001,0,12,4,0,0,0,0,0,0,0,0
ingeb001,342,9095,1893,216,10,22,40,0,200,114,0
iviem101,5,159,34,2,2,0,0,0,10,1,0
izquh101,9,237,65,7,1,1,3,5,3,3,0
janov101,0,0,104,15,8,2,7,0,0,0,0
jansd001,23,621,169,13,2,1,0,0,28,5,0
jaraj001,90,2447,557,42,7,7,5,0,59,25,0
jarvr102,0,0,55,8,3,1,1,0,0,0,0
jasoj001,276,7311,1971,94,13,11,17,0,178,37,0
jatap101,0,3,0,0,0,0,0,0,0,0,0
jenkj102,0,0,10,4,3,0,0,0,0,0,0
jensm001,92,2595,622,51,10,7,10,0,47,33,0
jimea001,1,60,16,1,0,0,0,0,0,0,0
johjk001,421,11078,2732,183,18,34,26,0,174,116,0
johnb002,367,9832,2602,157,20,20,30,0,255,105,0
johnb101,63,1671,344,20,0,5,7,0,30,17,0
johnc001,149,4112,770,76,21,11,27,0,153,53,0
johnc002,1108,29158,7218,568,51,107,52,0,530,343,0
johnd106,60,1603,512,62,7,11,11,23,32,26,0
johnl103,6,177,35,4,1,0,0,0,9,3,0
johnm003,295,7781,1842,126,14,16,24,0,161,93,0
johnr002,0,12,3,0,0,0,0,0,0,0,0
johnr009,214,5850,1448,158,10,13,26,0,132,48,0
jolls101,0,0,21,2,0,0,1,0,0,0,0
jonet002,0,3,0,0,0,0,0,0,0,0,0
jonnb101,0,0,197,45,10,6,4,0,0,0,0
jordt102,0,0,91,12,4,1,3,0,0,0,0
jorga101,0,0,1128,92,28,19,10,0,0,0,0
jorgr001,5,143,37,1,1,0,0,0,2,0,0
josec002,358,9484,2775,179,19,22,22,0,178,81,0
josed101,386,10100,2109,216,25,32,44,62,192,102,3
justj101,0,0,43,5,3,2,0,0,0,0,0
jutzs101,179,5016,1001,99,19,16,27,0,128,63,0
karkr001,776,20918,4757,404,42,49,50,0,401,281,0
kattr101,290,7856,1553,143,32,21,44,27,55,57,2
kearb001,402,10681,2416,224,34,25,34,0,224,159,0
keare101,0,0,42,7,0,0,1,0,0,0,0
keatg101,0,6,1,0,0,0,0,0,0,0,0
keelb101,0,0,2,0,0,0,0,0,0,0,0
kellc002,27,894,265,16,1,0,0,0,11,5,0
kelld001,0,18,3,0,0,0,1,0,0,0,0
kellh103,0,0,50,5,1,1,1,0,0,0,0
kellp102,2,57,17,0,0,0,2,0,0,0,0
kenda101,4,170,27,3,0,1,4,4,5,1,0
kendf101,690,18640,3733,336,54,51,33,7,502,224,0
kendj001,1990,52435,13019,989,144,148,104,0,1222,495,0
kenne104,0,0,104,26,8,3,5,0,0,0,0
kennt001,1271,33540,6555,623,106,92,68,0,1051,478,0
kiebs001,39,1043,297,21,3,2,3,0,16,11,0
killb101,0,0,929,247,24,19,7,0,0,0,0
kimmb101,140,3746,704,63,18,7,7,0,96,58,0
kinei001,35,916,227,15,1,2,4,0,17,8,0
kingh102,160,4382,948,71,19,6,28,15,84,37,0
kingj101,0,12,1,0,0,0,1,0,1,0,0
kinkm001,2,51,14,1,0,0,0,0,2,0,0
kirke102,262,7071,1534,154,31,23,24,2,139,92,0
klevj101,0,33,10,0,0,0,0,0,0,0,0
kliml101,0,3,0,0,0,0,0,0,0,0,0
klinj102,0,0,2,0,0,0,0,0,0,0,0
klume101,0,0,31,2,2,0,3,0,0,0,0
klutc101,0,0,1893,331,49,46,25,0,0,0,0
kmakj001,53,1383,265,31,0,4,5,0,38,20,0
knapa001,93,2523,812,43,12,6,9,0,65,15,0
knica001,75,2150,468,41,11,4,9,0,82,27,0
knoej001,1,88,21,1,0,0,1,0,2,0,0
knorr001,192,5094,1281,99,14,11,22,0,173,57,0
knoxc101,0,0,23,10,3,2,2,0,0,0,0
koban101,3,96,26,3,0,0,2,3,0,0,1
koegp101,4,162,29,4,1,2,3,0,6,1,0
kolbg101,7,248,54,7,0,1,3,4,4,1,0
kopsg101,0,0,2,0,0,0,0,0,0,0,0
korcs101,38,1090,222,25,6,7,6,11,19,11,2
kottg001,202,5402,1423,68,13,6,21,0,160,34,0
kracj101,0,0,1,0,0,0,0,0,0,0,0
krate001,205,5642,1716,111,7,15,12,0,115,56,0
kravd101,127,3573,656,68,20,11,18,38,61,22,1
kreim101,0,0,112,14,1,3,0,0,0,0,0
kremj001,21,520,107,10,1,2,2,0,24,5,0
kreuc001,707,19410,4571,370,50,47,73,0,453,260,0
kruee101,0,0,724,185,36,13,19,0,0,0,0
krugc101,59,1589,356,34,8,7,7,16,26,19,2
kusna101,92,2620,596,61,20,7,17,0,69,32,0
kutcr001,0,8,1,0,0,0,0,0,0,0,0
lachr101,69,2036,453,33,11,4,5,26,56,10,1
lafop001,24,641,139,5,1,1,1,0,16,4,0
lafrr101,1,69,15,0,0,0,0,0,0,0,0
lairg001,679,18015,4509,380,52,60,55,0,387,207,0
lakea101,2,54,513,57,15,10,17,0,0,0,0
lakes001,315,8332,1671,210,20,17,16,0,185,152,0
laket001,170,4847,1146,100,21,13,28,0,158,44,0
lallb001,3,86,22,0,0,0,0,0,4,0,0
lamar101,0,0,1737,207,40,30,24,0,0,0,0
lambm001,1,21,10,1,0,0,1,0,3,0,0
lamog101,46,1419,344,34,9,0,8,0,35,22,0
lampt001,438,12161,2918,235,36,35,31,0,269,144,0
landh101,479,13144,3116,284,59,43,38,94,180,113,18
lapap101,0,0,36,10,2,0,1,0,0,0,0
laruj001,768,20540,4751,422,48,49,75,0,297,186,0
lau-c101,276,7311,1608,104,21,17,31,64,129,49,5
laudt001,570,14971,3122,217,53,31,31,0,415,176,0
lavam001,747,19697,4138,416,35,53,34,0,566,330,0
lavar001,74,2011,556,31,6,5,7,0,63,16,0
lawlt001,0,3,1,1,0,0,0,0,0,1,0
lawrj101,0,9,3,0,1,0,0,0,3,0,0
lazoj101,0,0,1,0,0,0,0,0,0,0,0
lecrm001,100,2619,634,27,13,8,10,0,80,16,0
lee-c101,0,0,142,44,6,3,7,0,0,0,0
leesg101,0,0,32,7,2,1,1,0,0,0,0
lefej001,0,33,10,0,0,1,0,0,5,0,0
legel101,0,0,98,23,8,1,4,0,0,0,0
lembs101,0,0,25,3,0,1,0,0,0,0,0
leons001,281,7598,2591,156,11,18,33,0,96,57,0
leovj101,0,0,0,0,0,0,1,0,0,0,0
leppd101,150,3829,795,68,13,9,24,33,63,19,2
leriw101,0,0,510,130,12,25,3,0,0,0,0
lerus001,4,114,28,0,0,0,0,0,2,0,0
levij001,151,4440,1065,70,6,12,13,0,117,41,0
lewib101,0,0,93,13,2,1,3,0,0,0,0
leyrj001,265,7044,1789,137,10,11,41,0,200,84,0
lickj101,0,3,1,0,0,0,0,0,0,0,0
liddd001,0,3,1,0,0,0,0,0,0,0,0
liebm001,1109,29486,7829,490,72,64,74,0,592,248,0
lindb001,5,159,28,4,0,1,0,0,2,4,0
lindc102,0,15,2,0,0,0,1,0,0,0,0
lindd001,1,51,14,0,0,0,1,0,0,0,0
lindw101,0,0,5,0,0,0,0,0,0,0,0
lintb101,0,0,6,3,0,0,0,0,0,0,0
lipsb101,0,6,3,0,0,0,0,0,0,0,0
lis-j101,0,12,0,0,0,0,0,0,0,0,0
littd101,70,1857,417,51,7,8,7,0,73,34,0
littg001,0,15,5,0,0,0,0,0,1,0,0
livim101,0,0,1728,209,32,26,25,0,0,0,0
lobaj001,325,8947,2841,183,21,21,16,0,227,61,0
lodup001,887,23460,6311,491,66,61,51,0,610,267,0
lolls101,926,24693,7059,688,62,101,53,143,223,202,17
lomas001,0,15,7,2,0,0,0,0,0,2,0
lombe101,0,0,5694,845,143,107,152,0,0,0,0
lombp001,12,399,109,8,3,1,1,0,20,2,0
longd101,0,5,0,1,0,0,1,0,0,0,0
longj103,0,0,1,0,0,0,0,0,0,0,0
lonnj101,98,2751,578,29,5,7,7,23,35,16,1
lookb101,29,848,202,20,1,5,3,12,19,8,1
lopas101,416,11108,3406,232,53,50,46,66,149,60,3
lopea102,0,0,6644,1115,122,137,66,0,0,0,0
lopej001,1251,33226,8990,631,73,77,97,0,798,309,0
lopel001,6,177,34,2,0,0,2,0,5,3,0
loper002,49,1373,423,27,4,3,1,0,29,5,0
lovij102,0,0,0,0,0,0,0,0,0,0,0
lowrd001,63,1846,383,26,2,4,3,0,50,17,0
lucrj001,957,25484,7334,536,59,51,43,0,613,239,0
lucyd001,11,291,93,2,0,1,0,0,13,3,0
luebr101,0,0,26,4,0,1,1,0,0,0,0
lunaf001,67,1852,437,46,5,5,2,0,52,25,0
lundt101,18,555,126,8,1,2,2,0,22,4,0
lunst001,0,24,4,0,1,0,0,0,1,0,0
lutzr102,0,0,0,0,0,0,0,0,0,0,0
lydem001,1,34,4,0,0,0,0,0,1,0,0
lyncj102,2,63,10,2,0,0,0,0,1,1,0
lyncw101,0,0,1,1,0,0,0,0,0,0,0
lynnb101,0,0,114,25,2,5,2,0,0,0,0
lyonb002,139,4080,1090,77,23,8,20,0,175,52,0
lyonr101,0,0,7,3,1,0,0,0,0,0,0
lyons001,0,10,0,0,0,0,0,0,0,0,0
macfm001,932,24941,5597,408,49,75,100,0,546,265,0
machk101,0,18,2,0,0,0,0,0,1,0,0
machm101,0,3,0,0,0,0,0,0,0,0,0
machr001,172,4804,1241,129,13,21,15,0,119,69,0
macke102,0,3,0,0,0,0,0,0,0,0,0
mackg101,5,141,22,3,0,2,0,1,2,0,0
madis001,5,138,27,2,3,0,0,0,5,1,0
madje101,0,0,508,72,18,18,12,0,0,0,0
magrt001,2,102,30,2,0,0,0,0,8,2,0
mahlg101,5,159,24,1,0,0,0,0,6,1,0
mahom001,31,857,195,18,2,2,1,0,8,4,0
maill001,137,3767,1182,90,13,7,13,0,72,33,0
maksm001,0,16,3,1,0,0,0,0,0,0,0
maldc003,20,560,124,8,1,0,1,0,12,4,0
maldm001,498,13371,4172,296,35,28,34,0,187,113,0
maloe101,0,0,265,32,2,5,3,0,0,0,0
mancf101,0,0,1220,136,39,23,23,0,0,0,0
mancg101,0,0,5613,803,148,100,73,0,0,0,0
mangj101,11,300,61,6,1,2,0,2,1,1,0
manic101,0,0,1319,256,44,28,15,0,0,0,0
mannk001,14,374,88,8,0,1,3,0,15,7,0
mantj001,1,48,13,2,0,0,2,0,3,1,0
manwk001,883,23054,4946,489,50,82,56,0,569,311,0
maplh101,0,0,34,5,0,2,0,0,0,0,0
marjm001,10,276,82,5,1,0,0,0,3,1,0
marre001,248,6981,1738,133,24,24,8,0,130,79,0
marsc102,0,0,1,0,0,0,0,0,0,0,0
marsl001,242,6430,1576,121,12,12,12,0,181,83,0
marta002,154,4167,1042,75,14,15,25,0,73,36,0
martb001,845,22026,4038,396,70,59,49,13,464,258,2
martb101,0,0,18,0,0,0,1,0,0,0,0
martj107,461,13656,3135,267,45,36,121,166,212,110,9
martl002,22,616,176,8,0,1,0,0,20,5,0
martm001,4,120,18,5,0,0,1,0,10,2,0
martm102,12,396,78,10,5,0,5,10,3,4,0
martr004,1455,38843,11100,912,87,78,78,0,817,360,0
martv001,828,21603,5375,347,42,43,37,0,596,183,0
marzj001,223,6141,1560,123,20,18,28,0,166,73,0
masip101,0,0,3690,495,72,59,39,0,0,0,0
massg101,4,99,21,0,0,0,1,2,1,0,0
mathj001,738,19448,5416,505,49,41,47,0,413,167,0
mathm001,1142,30158,7117,613,44,85,60,0,552,298,0
matop001,1,42,13,1,0,0,0,0,2,0,0
mattc102,0,0,5,2,1,0,0,0,0,0,0
mattj101,0,0,68,19,2,2,2,0,0,0,0
mauej001,885,23649,5831,323,30,39,40,0,364,181,0
maxwb001,103,2758,758,52,1,9,4,0,64,24,0
may-j101,454,12002,2649,248,29,36,41,69,174,129,6
may-l001,9,243,60,3,0,0,4,0,7,2,0
may-m001,967,25615,5091,589,82,73,62,0,724,407,0
mayew101,0,0,84,33,5,1,3,0,0,0,0
maynb001,996,26674,6186,455,45,59,51,0,651,269,0
mcavw101,0,0,182,73,7,6,2,0,0,0,0
mcbrm002,11,292,81,5,0,0,3,0,8,1,0
mccab002,1459,38469,11408,710,92,81,77,0,861,288,0
mccaj001,410,10904,3093,183,11,31,22,0,182,106,0
mccaj108,12,354,64,7,1,1,1,9,5,5,0
mccal102,0,0,224,66,8,2,10,0,0,0,0
mccar101,1,29,5,1,0,0,0,0,1,1,0
mccat101,1300,34818,8206,588,91,73,132,203,636,333,14
mccll001,17,634,157,15,2,2,3,0,15,5,0
mccod101,1,51,10,2,0,0,0,0,0,1,0
mccrf101,0,0,4,0,0,0,0,0,0,0,0
mccuc101,47,1312,3953,477,72,64,37,8,18,6,0
mccuh101,0,0,987,171,36,22,13,0,0,0,0
mcdoj101,0,0,126,17,7,5,2,0,0,0,0
mcdok001,1,45,14,2,0,0,0,0,1,0,0
mcfao101,68,1926,419,45,7,6,10,35,35,16,5
mcgae101,0,0,71,8,2,1,2,0,0,0,0
mcgir001,8,186,40,3,0,2,6,0,7,2,0
mcgrt002,91,2535,592,56,10,4,6,0,99,43,0
mcgub001,15,433,91,9,0,0,4,0,12,3,0
mcgur002,10,240,72,3,1,0,1,0,13,2,0
mcint001,9,313,64,7,2,0,3,0,11,2,0
mckac001,14,420,81,12,0,1,3,0,6,5,0
mckem001,222,6099,1607,114,21,4,10,0,199,43,0
mckew001,3,103,26,0,0,0,1,0,7,0,0
mcknj001,0,3,0,0,0,0,0,0,0,0,0
mcmuh101,0,0,121,22,8,3,6,0,0,0,0
mcnaj001,23,647,143,8,1,1,1,0,11,5,0
mcnej101,369,10264,2337,248,35,34,46,88,192,123,17
mcnen101,0,0,8,1,2,0,0,0,0,0,0
mejif001,10,290,107,4,0,0,4,0,3,1,0
melha001,152,4328,992,71,4,6,16,0,100,40,0
melum001,105,2809,728,40,12,7,5,0,78,27,0
melvb001,517,13829,2915,247,23,36,25,0,373,176,0
merca101,1,30,3,1,0,0,0,0,1,1,0
merch001,38,1239,215,22,4,4,5,0,31,13,0
merco001,177,4761,1141,91,9,12,16,0,149,43,0
merco002,0,3,0,0,0,0,0,0,0,0,0
merum001,87,2397,475,32,10,3,12,0,88,19,0
mesod001,370,9892,2927,194,16,22,30,0,228,72,0
meyes101,1,51,11,0,0,0,1,0,1,0,0
millb115,0,0,0,0,0,0,0,0,0,0,0
millc001,158,4304,1098,99,8,14,14,0,80,38,0
milld001,52,1660,348,36,5,2,12,0,40,24,0
milld002,892,23648,6696,510,35,56,65,0,453,263,0
millh101,0,0,11,2,0,0,0,0,0,0,0
milln101,0,12,2,0,0,0,0,0,0,0,0
millo103,0,0,1195,286,39,26,36,0,0,0,0
millw102,0,0,704,122,29,14,8,0,0,0,0
milnb101,2,44,4,0,1,0,1,0,2,0,0
mirad001,406,11092,2719,229,23,33,74,0,343,134,0
mittg101,687,18710,4289,434,64,54,58,25,404,268,0
mizej001,78,2067,500,48,12,6,16,0,67,28,0
moelc001,396,10668,3024,190,22,15,18,0,246,78,0
molib001,1234,32235,8122,659,52,70,78,0,680,310,0
molig002,15,408,96,5,0,0,2,0,8,1,0
molii001,41,1139,264,20,2,2,3,0,45,11,0
molij001,771,20481,6033,441,39,50,63,0,390,227,0
moliy001,1775,46165,12518,942,71,115,82,0,491,337,0
monej001,9,264,64,0,0,0,0,0,4,0,0
monta102,0,0,34,6,1,0,0,0,0,0,0
montb101,311,8572,1632,136,31,21,23,0,203,99,0
montj003,83,2205,628,34,4,3,10,0,81,13,0
montl002,6,168,44,4,1,1,1,0,6,3,0
montm001,997,26637,7516,560,84,54,52,0,555,197,0
moora001,78,2180,540,41,7,3,9,0,55,14,0
moorb103,0,0,87,36,7,2,2,0,0,0,0
moorc001,742,20239,3723,435,86,45,67,0,487,272,0
moord101,0,0,175,26,8,4,7,0,0,0,0
moorj102,16,436,128,6,2,1,1,8,6,4,0
moorr103,0,0,27,5,4,0,0,0,0,0,0
moraj001,11,418,77,8,1,0,7,0,25,4,0
moraj002,41,1147,300,19,8,0,8,0,31,16,0
moraw001,3,78,22,2,0,1,0,0,0,2,0
mordm001,0,27,10,0,0,0,0,0,4,0,0
morek001,137,3708,796,77,19,12,10,0,177,66,0
mortc001,4,130,26,5,0,0,0,0,5,1,0
mosej101,287,7750,1782,146,31,20,35,13,149,86,0
mosqj001,8,226,59,2,0,0,3,0,3,1,0
mossc101,0,0,38,5,3,0,2,0,0,0,0
mossl101,120,3444,2612,279,64,52,45,30,46,19,3
motam101,0,6,2,0,0,0,2,0,0,0,0
muelr101,0,0,3095,503,43,66,32,0,0,0,0
munon001,0,12,6,0,0,0,0,0,0,0,0
munse001,66,1757,412,24,3,4,6,0,41,11,0
munst101,1265,33326,6253,742,127,82,93,9,533,427,1
murpd001,77,2075,424,52,17,4,31,0,91,32,0
murpj001,138,4071,1254,91,11,4,15,0,70,27,0
murpt002,44,1188,400,24,8,2,5,0,27,10,0
murrr102,18,455,855,129,13,21,20,4,9,7,0
myatg101,0,0,2061,419,66,47,43,0,0,0,0
myerg001,737,19283,4404,357,55,43,41,0,505,230,0
nahob001,218,5920,1072,121,21,15,14,0,200,75,0
napom001,485,13046,3377,243,38,23,29,0,328,106,0
narah101,238,6590,1325,93,13,14,25,47,98,53,6
narrj001,197,5615,998,78,12,13,21,0,150,66,0
narrs101,0,0,15,1,0,0,0,0,0,0,0
narvo001,177,4712,1344,87,15,5,19,0,141,39,0
natab001,79,2199,538,45,8,7,14,0,65,28,0
natop101,0,0,13,0,0,0,2,0,0,0,0
navad001,820,21989,6113,422,67,54,50,0,476,186,0
neemc101,288,7665,1714,150,22,28,29,65,134,76,8
nelsj101,35,867,202,16,5,2,10,0,30,16,0
nevip001,88,2361,583,48,6,3,25,0,71,27,0
newmj001,396,10846,2011,222,44,26,20,0,246,160,0
niarg101,4,123,1133,115,15,21,15,0,2,0,0
nichb001,26,744,202,12,0,4,2,0,13,2,0
nichc001,46,1269,282,39,5,8,8,0,34,24,0
nickm001,53,1417,412,27,3,3,12,0,30,10,0
nicos001,260,6989,1475,123,21,14,13,0,209,71,0
nidot001,26,710,236,8,4,1,1,0,21,5,0
niebc101,0,0,87,26,4,1,5,0,0,0,0
nieta001,32,899,201,14,1,0,6,0,25,4,0
niett001,201,5255,1080,87,11,11,20,0,175,42,0
nievw001,308,8359,2186,167,28,19,20,0,202,64,0
nilsd001,287,7217,1515,107,19,10,13,0,242,71,0
nixor101,611,16519,3708,238,47,31,66,160,262,107,6
noblr101,0,0,300,22,7,3,9,0,0,0,0
nokem001,598,15770,3422,262,38,34,48,0,492,193,0
nolaj001,356,9420,1940,148,34,20,36,0,381,101,0
nordw101,16,451,67,12,9,1,8,0,19,10,0
norrd001,498,13523,4004,248,36,21,45,0,322,108,0
nottj001,6,170,54,5,2,0,0,0,5,1,0
novor101,0,0,82,9,4,0,3,0,0,0,0
nunal101,0,0,286,58,15,4,5,0,0,0,0
oatej101,423,11863,2416,277,36,33,43,0,251,153,0
oberm001,124,3506,672,76,12,10,7,0,94,65,0
obric001,675,17915,4441,396,47,57,21,0,453,265,0
obrim101,0,0,13,7,2,0,1,0,0,0,0
ock-w101,0,0,3,0,0,0,0,0,0,0,0
oconj103,0,0,8,2,0,0,0,0,0,0,0
odeak101,0,0,2450,336,48,44,40,0,0,0,0
odonh101,0,0,16,3,0,1,1,0,0,0,0
ofarb101,0,0,4170,942,125,97,50,0,0,0,0
ogrob101,0,0,701,82,11,8,16,0,0,0,0
ohalg001,0,3,2,0,0,0,0,0,0,0,0
ohlmm001,3,104,29,2,2,0,0,0,2,0,0
ojedm001,116,3292,849,53,9,6,11,0,59,16,0
okril101,0,0,91,20,4,4,2,0,0,0,0
oldib101,54,1711,422,40,8,12,5,36,40,20,0
olivg101,325,8533,2057,172,34,30,54,118,159,83,5
olivj001,934,24608,6059,451,71,59,77,0,670,303,0
olivm001,953,25411,6675,501,84,69,100,0,459,234,0
olsog002,349,9391,2193,169,18,24,17,0,297,128,0
oneih102,0,0,0,0,0,0,0,0,0,0,0
oneim102,0,0,2020,670,77,47,38,0,0,0,0
oneis101,0,0,2899,692,95,70,69,0,0,0,0
onisr101,0,0,1,0,1,0,0,0,0,0,0
oquej001,0,3,1,0,0,0,0,0,0,0,0
orsij101,253,6861,1567,108,31,19,24,59,105,45,3
ortih001,77,2049,436,46,5,2,1,0,44,24,0
ortij001,543,14746,2934,324,45,40,50,0,455,211,0
ortoj001,131,3474,782,85,13,14,4,0,77,51,0
osbob101,0,6,0,0,0,0,0,0,1,0,0
osikk001,266,7295,1781,153,17,19,22,0,190,79,0
ott-e101,451,12342,2482,259,46,26,37,0,309,172,0
ouelp001,6,168,42,3,0,0,0,0,7,2,0
outec101,0,0,98,11,2,1,1,0,0,0,0
owenj001,91,2469,554,55,17,8,11,0,63,40,0
owenj102,0,0,8,1,1,0,0,0,0,0,0
owenl001,116,3172,722,69,16,9,7,0,87,43,0
owenm101,16,516,4527,581,96,93,73,3,5,4,1
pachj001,49,1339,348,20,5,3,7,0,30,4,0
paddt101,0,0,1482,222,41,19,18,0,0,0,0
padgd101,0,0,835,92,37,13,27,0,0,0,0
paepd101,35,1002,218,21,4,2,3,1,24,12,0
pagaj101,0,3,0,0,0,0,0,0,0,0,0
paglj101,705,18328,4139,302,41,50,54,175,293,141,7
pagnm001,27,732,169,14,2,2,2,0,25,8,0
pagnt001,748,20017,4124,389,38,47,32,0,496,293,0
palar001,17,576,154,8,1,1,1,0,14,4,0
palmj101,0,0,44,4,2,2,1,0,0,0,0
pankj001,0,3,0,0,0,0,0,0,0,0,0
pappe001,72,1966,409,37,10,6,4,0,56,22,0
parda001,35,936,206,12,4,1,1,0,37,7,0
parem001,365,9671,2262,196,25,28,25,0,255,133,0
parit101,0,0,17,7,1,0,2,0,0,0,0
parkd002,32,876,165,20,2,4,2,0,29,12,0
parkd101,0,0,1,0,1,0,0,0,0,0,0
parrl001,1715,45607,9647,980,94,133,192,0,1043,655,0
parsd101,0,0,443,75,11,8,7,0,0,0,0
partr101,0,0,1318,157,27,28,23,0,0,0,0
pasej101,0,0,87,14,1,3,1,0,0,0,0
paslk101,42,1071,196,20,3,0,3,0,29,7,0
pattb101,0,0,4,3,0,1,1,0,0,0,0
patth101,0,0,0,0,0,0,0,0,0,0,0
pattt101,0,15,4,2,0,1,0,1,1,1,0
paulj001,207,5758,1430,113,16,20,15,0,157,55,0
paulr001,476,12975,3383,273,35,24,36,0,320,132,0
pavld101,236,6369,1593,123,30,20,31,76,175,58,3
pawet101,0,0,0,0,0,0,1,0,0,0,0
peacj101,0,0,1863,220,36,37,29,0,0,0,0
pecob001,0,3,0,0,0,0,0,0,0,0,0
pedel101,0,0,26,5,0,1,0,0,0,0,0
pedrj001,6,170,32,4,1,0,0,0,7,2,0
pellk001,2,99,25,0,0,0,1,0,2,0,0
penaa002,52,1408,384,39,3,5,7,0,37,19,0
penab002,364,10163,2911,162,16,27,25,0,281,108,0
penaf001,45,1416,400,18,2,1,3,0,20,6,0
penat001,1779,47916,11212,1045,117,156,105,0,1224,656,0
perea002,0,6,1,0,0,0,0,0,0,0,0
perec003,177,4698,1330,133,12,10,16,0,90,56,0
peree002,400,10918,2789,201,26,34,24,0,265,110,0
perem003,0,6,2,0,0,0,0,0,0,0,0
perem005,22,555,175,18,0,0,0,0,12,5,0
peren001,0,0,0,0,0,0,0,0,0,0,0
perer003,260,6839,2463,154,16,16,16,0,96,61,0
peres002,856,22281,6216,499,36,43,29,0,341,186,0
perkc101,0,0,3539,912,101,88,75,0,0,0,0
peteb103,0,0,0,0,0,0,0,0,0,0,0
peteh101,49,1342,244,36,7,7,4,0,15,17,0
petej102,0,0,234,48,17,3,6,0,0,0,0
petrb001,143,3845,918,58,16,13,22,0,104,25,0
petrg001,427,11452,2744,210,39,38,95,0,353,167,0
pevem001,11,279,58,7,1,0,1,0,16,4,0
pfeib101,2,66,8,2,1,1,3,0,2,2,0
pfisg101,0,0,0,0,0,0,0,0,0,0,0
phegj001,226,5964,1674,151,15,13,32,0,109,54,0
phelb101,0,0,2251,291,69,43,46,0,0,0,0
phelj001,6,171,38,3,0,0,0,0,8,2,0
phile102,0,0,989,129,23,23,14,0,0,0,0
philj003,234,6343,1589,93,10,12,9,0,179,47,0
philk001,23,630,168,14,4,1,2,0,26,9,0
philp001,50,1475,350,31,4,4,5,0,26,12,0
piazm001,1607,40665,10844,733,124,88,102,0,1400,423,0
piciv101,0,0,2846,631,101,56,73,0,0,0,0
picku101,0,0,1,0,1,0,0,0,0,0,0
piera001,1832,49006,12600,823,68,101,102,0,1081,350,0
pignj101,205,5665,1361,105,15,22,18,72,60,49,5
pinam001,187,5050,1583,113,11,14,6,0,81,47,0
pintj001,44,1156,285,12,7,1,4,0,26,5,0
plase101,6,180,30,2,0,0,1,8,2,0,0
plawk001,192,5295,1667,98,9,5,5,0,142,43,0
plumb101,247,6966,1283,92,23,16,18,0,146,44,0
pocob001,342,9191,1938,221,39,21,53,0,387,134,0
polah101,0,0,191,13,9,2,2,0,0,0,0
portd001,1430,37825,6756,754,134,104,132,0,902,553,0
portj101,66,1790,339,38,4,7,22,17,30,21,1
posaj001,1450,38631,10016,696,90,81,142,0,984,387,0
poseb001,865,22660,6704,463,39,47,24,0,440,218,0
powel001,89,2443,649,36,11,7,3,0,44,29,0
powep102,1,72,18,3,1,1,1,0,4,3,0
pramj101,0,0,658,71,20,9,20,0,0,0,0
pratt001,415,11839,3111,158,23,33,38,0,256,94,0
pricj102,156,4136,1064,55,17,10,13,38,98,31,0
print001,332,9600,2267,214,19,25,26,0,228,118,0
pruej101,0,0,19,2,0,1,0,0,0,0,0
pruir101,48,1495,256,30,4,6,3,0,67,17,0
pujol001,250,6734,1450,151,21,11,63,0,262,76,0
putme101,5,240,44,4,0,0,2,0,5,2,0
pybuj101,0,3,0,0,0,0,0,0,0,0,0
pytlf101,0,0,2958,395,29,64,25,0,0,0,0
quinh001,393,10323,2835,244,30,36,21,0,192,95,0
quirg001,90,2534,575,46,6,7,10,0,65,23,0
quirj001,398,10943,2344,235,48,26,36,0,322,174,0
rabbj001,31,827,184,14,7,2,2,0,39,8,0
rabem001,72,1972,425,32,6,6,6,0,42,16,0
raded101,638,17454,3391,285,63,41,49,0,443,195,0
ramim003,30,808,210,12,3,2,2,0,36,8,0
ramoj001,5,123,23,1,0,0,1,0,3,0,0
ramor001,66,1889,390,50,9,3,5,0,71,39,0
ramow001,708,18816,5572,395,37,24,41,0,266,123,0
randd101,37,1042,237,19,6,5,4,3,10,4,0
randl101,0,18,1,1,0,0,0,0,3,1,0
ranem101,112,3143,686,67,14,8,28,42,72,27,3
ransj101,22,606,131,16,3,1,0,0,36,6,0
rarib101,0,0,390,101,10,8,5,0,0,0,0
ratlp101,76,1935,384,29,7,6,3,2,34,13,0
rayff001,90,2489,525,53,7,5,7,0,76,28,0
readr002,1,33,12,1,0,0,1,0,1,0,0
realj001,483,12739,3711,262,30,32,36,0,185,91,0
reboj001,0,3,0,0,0,0,0,0,1,0,0
recka001,144,4014,1157,70,13,11,11,0,96,33,0
redmj101,0,0,39,5,1,3,2,0,0,0,0
redmm001,606,16085,3999,312,18,53,23,0,382,177,0
reecb101,3,93,16,2,1,1,2,0,3,0,0
reedj001,850,23063,5455,415,73,59,54,0,727,301,0
regot101,0,0,92,24,3,3,1,0,0,0,0
reibf101,0,0,70,7,2,1,2,0,0,0,0
reisb102,0,0,1,0,1,0,0,0,0,0,0
renst101,0,0,535,93,23,16,16,0,0,0,0
retzk101,189,4945,935,97,18,13,17,48,78,48,6
reyeg001,74,2131,473,75,15,7,15,0,48,50,0
reyej002,0,15,7,0,0,0,0,0,0,0,0
reynr002,104,2857,628,57,16,8,5,0,126,47,0
reynt101,0,10,1,0,0,0,1,0,1,0,0
riced101,270,6850,5353,537,75,72,65,57,65,36,6
riceh101,0,0,0,0,0,0,0,0,0,0,0
ricel101,0,0,119,8,3,1,1,0,0,0,0
richk001,1,45,13,0,0,0,0,0,2,0,0
richp101,0,0,2103,302,31,49,25,0,0,0,0
rickd102,35,1029,236,15,3,0,5,7,28,13,0
riddj101,0,0,230,51,5,12,5,0,0,0,0
riebh101,0,0,155,14,1,3,6,0,0,0,0
riggs001,52,1415,384,11,8,1,4,0,29,4,0
rinkb101,0,0,0,0,0,0,0,0,0,0,0
rivem003,142,3893,1065,90,14,7,17,0,112,37,0
river003,405,10818,3430,260,32,30,36,0,218,126,0
roarm101,140,3869,863,62,12,7,15,35,39,32,5
robed102,101,2768,543,56,13,3,14,0,71,43,0
robej103,45,1200,215,20,6,6,3,17,19,8,2
robia101,0,0,2259,271,25,31,36,0,0,0,0
robib102,31,741,188,16,8,3,2,0,19,14,0
robic002,1,30,8,0,0,0,0,0,0,0,0
robls101,5,210,43,1,0,0,2,0,1,0,0
rodgb102,815,22146,4750,472,63,74,66,262,283,215,27
rodre003,2,51,20,1,0,0,0,0,3,0,0
rodre101,658,17396,3713,360,45,37,59,31,334,235,0
rodrg001,26,730,189,17,4,1,4,0,12,5,0
rodri001,2349,61044,14864,1227,142,158,127,0,786,661,0
rodrr002,2,57,15,1,0,0,0,0,1,0,0
rojac101,0,38,7,2,0,0,1,2,1,0,0
romaj101,771,19888,4415,343,47,51,77,190,296,157,23
romem001,13,448,144,12,2,0,2,0,17,4,0
romia001,0,1,0,0,0,0,1,0,0,0,0
romia002,214,5833,1885,142,10,9,15,0,125,34,0
ronam001,3,99,29,0,0,0,1,0,0,0,0
roofp101,689,17823,4151,356,63,48,57,106,330,203,9
rosaa002,8,269,82,8,0,1,1,0,12,4,0
rosab101,0,0,3845,511,36,92,28,0,0,0,0
rosal101,1,16,2,0,1,0,0,0,5,0,0
rosam001,0,33,7,0,1,0,0,0,1,0,0
rosaw001,313,8257,2031,212,30,13,45,0,157,61,0
roseb102,22,664,129,11,2,3,4,6,11,7,1
rosej101,1349,35799,9291,675,107,111,111,427,406,297,29
rosem001,12,362,94,5,2,2,1,0,19,4,0
roskj001,0,12,5,0,0,0,0,0,0,0,0
rossd001,669,17975,5124,422,54,46,51,0,370,197,0
rossj101,0,0,192,21,4,3,0,0,0,0,0
rothj101,0,0,0,0,0,0,0,0,0,0,0
rottv001,0,18,8,0,0,0,0,0,0,0,0
rowlc101,0,0,5,1,0,0,0,0,0,0,0
rowlr001,54,1510,346,23,9,5,6,0,41,17,0
roysw101,0,27,5,0,0,0,0,0,0,0,0
roznv101,106,2995,652,67,9,11,13,39,48,36,3
rubes101,7,221,43,6,0,3,0,2,4,2,0
rudok101,208,5658,1169,124,27,18,16,2,112,80,0
ruelm101,0,0,5296,1125,115,135,57,0,0,0,0
ruizc001,991,26836,7668,589,53,67,48,0,612,230,0
ruizc102,0,3,0,0,0,0,0,0,0,0,0
ruppc001,287,7642,2192,167,19,18,26,0,136,62,0
russj002,150,4338,972,85,23,14,30,0,201,67,0
ruszh101,0,0,82,22,2,2,3,0,0,0,0
ryand001,22,603,159,11,0,0,2,0,11,8,0
ryanm101,570,15003,3473,325,34,45,40,110,234,181,14
rybam101,0,0,33,3,0,0,0,0,0,0,0
saboa101,0,0,11,2,1,0,0,0,0,0,0
sackf101,0,0,46,9,1,0,1,0,0,0,0
sadem101,240,6860,1544,140,26,14,31,0,216,97,0
sadoe101,141,3816,914,72,9,11,10,33,45,35,2
sakal001,0,3,0,0,0,0,0,0,0,1,0
salam001,295,7973,1659,148,23,23,38,0,229,111,0
salkb101,0,0,972,128,24,19,19,0,0,0,0
saltj001,698,18686,5049,295,60,34,56,0,536,150,0
sammc001,16,516,134,6,0,0,3,0,12,6,0
sanbg101,0,0,67,14,0,1,3,0,0,0,0
sancg002,209,5550,1970,129,22,10,40,0,84,48,0
sanch002,150,4189,1162,86,15,11,18,0,124,41,0
sanco001,18,578,95,5,4,2,1,0,29,3,0
sanct001,33,883,249,20,5,0,3,0,25,5,0
sandc101,12,321,61,2,3,3,4,0,8,1,0
sandm101,0,0,547,80,7,8,20,0,0,0,0
sandp001,12,340,97,8,0,1,2,0,8,4,0
sangm101,1062,28507,5996,540,94,74,89,25,504,314,5
santb001,1796,47776,10816,960,151,130,157,0,998,530,0
santc002,314,8350,2241,173,21,12,25,0,207,70,0
santn001,229,6264,1409,166,30,24,27,0,226,93,0
santo001,86,2390,592,29,5,4,5,0,48,16,0
sardd001,46,1264,378,25,1,6,4,0,25,8,0
sarnb101,290,7982,1680,154,16,33,21,43,55,47,1
sassm001,193,5165,1389,101,25,9,14,0,230,85,0
satrt101,272,7134,1655,133,23,22,33,79,137,78,1
sawac101,319,8462,1960,180,26,30,37,95,150,74,5
sax-d001,14,394,96,1,2,1,1,0,19,2,0
schab101,0,0,3,1,0,0,0,0,0,0,0
schaj104,160,4611,888,86,11,14,15,67,53,46,2
schar103,0,0,3487,847,75,118,40,0,0,0,0
schaw101,0,0,3672,902,129,107,90,0,0,0,0
scheb101,0,0,1444,166,27,24,31,0,0,0,0
scheb102,0,0,0,0,0,0,0,0,0,0,0
schib101,0,0,3,0,0,0,0,0,0,0,0
schln101,0,0,310,24,9,7,7,0,0,0,0
schmb101,369,9954,2161,166,28,21,19,95,134,69,6
schmd101,11,325,53,4,0,0,2,0,7,3,0
schmk001,3,90,23,3,0,0,1,0,0,0,0
schmw102,0,0,1764,533,44,52,14,0,0,0,0
schnb001,903,24009,5987,438,39,72,38,0,405,228,0
schrb001,288,7610,1543,136,14,19,14,0,236,76,0
schuj103,0,0,201,16,8,3,2,0,0,0,0
schuj106,0,0,355,87,20,15,13,0,0,0,0
schwk001,15,429,119,7,4,1,2,0,14,3,0
sciom001,1278,33700,8335,737,114,97,82,0,952,500,0
scotd001,124,3365,704,74,18,10,31,0,82,44,0
seark101,0,0,243,31,7,5,6,0,0,0,0
see-l001,0,9,1,0,0,0,0,0,0,0,0
seilr101,18,443,62,8,4,2,2,0,27,4,0
semia101,216,5635,5030,598,133,80,89,39,56,48,9
servs002,700,18629,4769,383,48,53,53,0,556,207,0
sevcj101,3,110,32,5,0,1,0,2,6,2,0
seveh101,0,0,3282,721,63,75,41,0,0,0,0
sevep001,70,1988,690,43,2,4,6,0,36,20,0
sewel101,0,0,5444,1084,150,138,91,0,0,0,0
shanb101,110,2857,432,55,8,9,8,23,22,29,8
shanm101,2,101,24,1,0,1,0,5,0,0,0
shead001,196,5205,1266,114,14,20,12,0,167,60,0
sheam102,0,0,1412,254,41,33,20,0,0,0,0
sheeb101,0,0,292,25,3,5,4,0,0,0,0
sheej102,0,0,5,0,1,0,0,0,0,0,0
sheel001,2,63,10,1,1,0,0,0,2,0,0
shelc001,0,48,10,0,0,0,3,0,0,0,0
shels001,0,25,7,0,0,0,0,0,2,0,0
shepj102,204,5307,907,116,19,15,21,29,38,41,4
shepr101,0,0,5,2,0,0,0,0,0,0,0
shern102,148,3952,1025,70,12,14,13,47,55,34,1
shing101,0,0,28,18,7,2,5,0,0,0,0
shoor101,2,57,8,0,0,0,0,2,2,0,0
shopk001,458,12493,3099,211,34,27,33,0,234,99,0
shopt101,2,69,13,4,0,0,1,0,2,1,0
shorc102,1,0,0,0,0,0,0,0,0,0,0
siddj001,39,1159,267,30,5,4,7,0,38,20,0
siemo101,0,0,116,21,13,3,6,0,0,0,0
silvc101,33,1054,698,74,12,14,8,9,13,9,0
silvk101,0,0,200,29,6,6,4,0,0,0,0
simmt001,1687,45278,8906,915,130,104,182,3,1188,611,0
simsd101,559,15146,3762,319,58,49,59,96,297,160,14
sinam001,72,2204,436,67,2,5,7,0,71,37,0
siscc001,47,1276,373,27,1,5,2,0,34,13,0
sizet101,1,39,10,0,0,0,0,0,0,0,0
skagd101,171,4543,809,81,11,10,10,0,113,55,0
skifb101,0,0,54,9,1,2,2,0,0,0,0
skinj001,449,11979,2425,170,32,26,22,0,252,128,0
skipk001,0,6,2,0,0,0,0,0,0,0,0
slaud001,1083,28944,6158,477,87,71,92,0,843,346,0
slocr101,3,183,42,2,1,0,0,0,5,2,0
smalr001,0,0,0,0,0,0,0,0,0,0,0
smite106,0,0,2117,502,78,64,72,0,0,0,0
smith106,585,15559,3116,320,49,57,74,167,215,124,17
smith108,484,12734,2810,247,33,43,28,117,156,112,18
smitk002,117,3147,942,48,4,6,7,0,99,16,0
smitn101,3,72,17,1,0,1,1,1,2,0,0
smitp105,0,0,0,0,0,0,0,0,0,0,0
smitr102,67,1802,381,32,5,3,2,0,44,29,0
smitr105,0,0,1,0,0,0,0,0,0,0,0
smitv101,0,0,52,9,3,0,1,0,0,0,0
snydb003,0,3,1,0,0,0,0,0,0,0,0
snydc002,646,16977,4565,366,12,33,50,0,351,144,0
snydf101,0,0,2486,692,51,64,31,0,0,0,0
solaj002,28,777,190,18,1,3,2,0,25,4,0
solia001,4,85,35,0,1,0,1,0,3,0,0
sotog001,711,18765,5504,363,47,42,24,0,458,166,0
speht001,161,4946,1235,100,20,16,12,0,155,64,0
spenr101,0,0,2138,275,40,33,25,0,0,0,0
spilh001,3,226,33,5,0,0,1,0,10,1,0
spinh101,0,0,222,28,5,10,7,0,0,0,0
spoha101,0,0,2182,347,74,30,36,0,0,0,0
spotj101,0,0,2,0,0,0,0,0,0,0,0
sprae001,8,282,70,3,3,0,1,0,7,1,0
sprij101,0,0,84,15,0,2,0,0,0,0,0
squim001,0,6,1,0,0,0,0,0,0,0,0
stalj001,15,457,150,10,1,1,1,0,12,3,0
stanc002,0,18,7,0,0,0,0,0,0,0,0
stanm002,633,16880,3884,233,49,30,90,0,534,165,0
stano101,0,0,399,114,19,12,9,0,0,0,0
starc102,0,0,28,6,1,2,0,0,0,0,0
starm001,3,87,25,1,0,0,1,0,6,1,0
stasm001,81,2294,822,40,4,5,11,0,43,16,0
stavn001,0,1,1,0,0,0,0,0,0,0,0
stcle101,13,327,596,68,15,15,17,0,7,0,0
steaj001,651,17608,3712,446,63,64,31,0,500,295,0
stefj001,54,1426,331,35,8,2,4,0,57,23,0
steib102,0,0,0,0,0,0,0,0,0,0,0
steir102,0,0,76,14,1,5,5,0,0,0,0
steit001,1297,34009,7505,615,92,73,83,0,765,436,0
stelr101,23,701,130,8,1,1,3,0,16,7,0
stepj101,0,0,85,13,3,1,1,0,0,0,0
stepj102,217,6227,1406,116,21,14,34,33,136,56,2
stepr001,10,285,59,6,0,0,1,0,18,4,0
stepw101,0,0,51,12,1,3,2,0,0,0,0
stewa001,1,44,10,1,0,0,0,0,1,1,0
stewc001,349,9576,2915,240,36,20,41,0,222,88,0
stewg101,0,0,1,0,0,0,0,0,0,0,0
stewj102,0,3,2,0,0,0,0,0,3,0,0
stimc101,10,252,46,9,1,1,0,0,16,6,0
stinb101,466,12898,2415,226,44,36,33,1,407,165,0
stink001,563,15473,3734,262,67,34,35,0,421,166,0
stoka102,0,0,110,47,9,6,5,0,0,0,0
storh101,0,0,31,3,0,0,1,0,0,0,0
stpim001,2,51,12,1,0,0,0,0,0,0,0
streg101,0,0,1,1,0,0,0,0,0,0,0
strew101,4,111,21,1,1,1,0,0,1,1,0
strim001,1,30,10,1,0,1,0,0,1,0,0
styll101,0,0,130,27,12,1,1,0,0,0,0
suark101,211,5722,1350,121,24,19,14,24,102,82,2
sucrj001,180,4898,1551,104,6,12,17,0,76,35,0
sudab101,60,1683,340,30,4,2,10,0,49,11,0
sukec101,0,0,1041,190,33,29,26,0,0,0,0
sullb103,0,0,1845,216,59,37,24,0,0,0,0
sullh101,234,6175,1314,92,21,17,17,78,99,43,6
sullj103,61,1779,401,37,4,4,4,21,31,22,3
sullm001,114,2972,663,52,7,9,16,0,71,40,0
sullt102,0,0,1,0,0,0,1,0,0,0,0
summc001,0,3,0,0,0,0,0,0,0,0,0
sundj001,1775,47701,9767,1007,81,145,130,0,1012,708,0
surhb001,648,17509,3617,331,47,46,56,0,458,199,0
susaa001,66,1827,465,45,5,5,6,0,52,18,0
suscg102,0,0,370,50,11,8,18,0,0,0,0
sutcb101,0,0,8,0,2,0,0,0,0,0,0
sutkg001,3,108,19,5,3,0,1,0,5,4,0
suzuk001,1256,33543,8994,516,59,53,56,0,739,231,0
sweej102,0,0,34,17,3,2,2,0,0,0,0
sweem002,167,4629,1111,73,14,22,16,0,94,54,0
sweer101,193,5317,1181,93,15,15,19,0,120,75,0
swifb102,0,0,3601,477,64,75,63,0,0,0,0
swihb001,100,2718,791,52,3,5,20,0,59,22,0
swiss101,412,10928,2274,203,46,24,26,0,278,132,0
tackj001,107,2897,586,59,5,7,14,0,69,39,0
taltt101,6,366,91,6,2,0,0,6,13,4,3
tamaj101,49,1376,278,18,8,10,3,0,65,12,0
tankl101,0,0,1,0,0,0,0,0,0,0,0
tappe101,102,2755,554,67,7,10,5,21,52,37,0
tartt001,0,24,9,0,0,0,0,0,0,0,0
tateb101,0,0,1534,306,50,43,19,0,0,0,0
tatuc001,80,2170,566,43,7,3,2,0,52,14,0
tatuj001,1,54,14,3,0,0,0,0,3,4,0
taube001,727,19698,4941,340,65,47,62,0,609,186,0
taylb003,0,33,10,1,0,0,0,0,1,1,0
taylb105,0,3,1,0,0,0,0,0,0,0,0
taylc102,79,2272,450,36,10,5,10,5,53,15,0
taylh102,82,2406,474,65,9,11,16,36,65,43,3
tayls102,321,8687,1721,140,27,17,26,96,169,68,5
taylz101,0,0,2880,752,86,83,72,0,0,0,0
teagt001,139,3908,963,76,12,6,12,0,83,37,0
tebbb101,0,0,4667,666,119,87,64,0,0,0,0
tejaw001,14,357,77,9,0,1,3,0,13,4,0
telit001,24,724,189,11,3,1,0,0,26,3,0
tenag101,759,20038,3945,441,63,65,73,3,515,290,2
testn101,0,3,0,0,1,0,0,0,1,0,0
tettm001,792,20854,3978,346,39,36,64,0,581,236,0
thacm101,84,2394,499,69,9,11,12,26,45,39,0
thigc001,19,526,139,14,0,3,1,0,11,5,0
tholj001,375,9904,2687,171,17,15,80,0,208,65,0
thomd001,3,99,28,3,0,0,3,0,7,1,0
thomg102,0,30,11,1,0,0,0,2,0,0,0
thomk101,0,0,3,1,2,0,0,0,0,0,0
thomp101,0,0,80,15,5,0,0,0,0,0,0
thomr103,0,0,5,0,0,0,0,0,0,0,0
thomt106,126,3375,618,68,10,14,15,34,37,34,0
thomv101,182,5158,1128,92,15,22,19,34,48,49,7
thoro101,0,16,4,0,0,1,0,0,1,0,0
tillb101,639,17374,4230,253,55,40,52,179,371,116,8
tingr001,193,5145,1104,127,14,12,22,0,123,82,0
tiptj101,51,1306,1250,208,24,32,20,10,17,16,1
tisct101,34,1071,216,18,2,5,3,2,17,11,0
todda101,0,0,3006,411,81,59,28,0,0,0,0
tonim001,2,51,13,1,0,0,2,0,1,0,0
torbj101,449,11785,2998,214,32,31,31,43,219,123,6
torew001,18,489,124,10,0,0,1,0,12,3,0
torrj101,837,22309,4850,428,56,57,87,235,322,225,12
torrl001,31,932,260,15,2,1,3,0,14,5,0
torrr102,0,0,17,4,1,0,2,0,0,0,0
torrs002,5,181,42,2,0,1,1,0,5,1,0
torry001,774,20832,5451,368,36,48,37,0,454,191,0
tovac101,0,3,1,0,0,0,0,0,0,0,0
towlj001,124,3300,836,56,9,5,7,0,72,22,0
tragw101,0,0,339,115,24,11,14,0,0,0,0
tream001,383,10261,2858,157,32,20,15,0,247,87,0
tremc001,11,306,68,4,1,0,1,0,15,4,0
tresm101,0,0,3961,575,78,72,81,0,0,0,0
treva001,599,16470,3850,398,89,42,47,0,494,261,0
trevj001,1,51,15,0,0,0,0,0,0,0,0
triag101,906,23598,5123,448,72,70,138,220,245,215,18
trouq101,0,0,22,3,0,0,0,0,0,0,0
tucke001,30,828,191,13,3,0,2,0,23,10,0
tupmm001,0,3,0,0,0,0,0,0,0,0,0
turnc001,109,2913,666,57,4,5,7,0,89,23,0
turne101,0,0,101,11,3,3,2,0,0,0,0
turns002,18,532,165,10,2,1,1,0,11,3,0
turnt102,0,0,810,121,27,16,25,0,0,0,0
ueckb101,217,5875,1279,130,27,18,47,92,115,57,14
ulism101,0,0,4,1,2,0,0,0,0,0,0
unsea101,0,0,361,53,14,9,5,0,0,0,0
urbal101,0,0,71,35,5,1,2,0,0,0,0
valeb102,0,3,0,0,0,0,0,0,0,0,0
valej004,324,9177,2203,163,21,14,29,0,179,75,0
valey001,2,84,24,2,0,0,1,0,2,1,0
valld001,801,21003,4898,407,44,56,57,0,474,267,0
vallh101,3,99,20,1,0,0,0,0,4,1,0
vangd001,128,3477,786,41,8,6,5,0,125,27,0
varij001,1372,36498,10166,541,69,72,105,0,992,301,0
varnp101,48,1372,293,26,4,2,7,0,45,23,0
vazqc001,250,6816,2205,131,18,12,39,0,80,57,0
velaf101,8,254,63,3,1,0,1,2,8,2,0
veltp101,0,0,27,2,0,0,1,0,0,0,0
vicke101,0,0,107,27,8,6,0,0,0,0,0
villh001,110,2723,608,55,11,5,12,0,82,35,0
vilom001,7,217,60,7,0,0,1,0,8,3,0
virgo001,608,16324,3582,360,52,46,46,0,654,227,0
virgo101,15,498,98,9,1,1,7,12,10,2,0
vogts001,310,8243,2371,124,20,12,24,0,180,64,0
wagnh102,0,0,2423,271,53,36,46,0,0,0,0
wakad001,9,275,47,2,0,2,4,0,2,2,0
walbm001,565,15230,3303,248,34,25,42,0,420,188,0
walkh101,0,0,1,0,0,0,0,0,0,0,0
walkj103,0,0,49,12,2,0,1,0,0,0,0
walkr101,164,4444,1976,204,39,32,20,39,39,39,1
wallc001,15,428,132,9,3,1,1,0,5,3,0
walll101,0,3,0,0,0,0,0,0,0,0,0
waltd001,75,2001,467,46,8,6,6,0,74,31,0
waltd101,0,12,3,0,0,0,0,0,0,1,0
waltf101,0,0,108,35,1,2,3,0,0,0,0
waltr102,0,0,1047,300,27,40,18,0,0,0,0
warrb102,0,0,1167,213,40,31,17,0,0,0,0
warwb101,0,0,52,10,3,0,1,0,0,0,0
wasel101,0,0,3,0,0,0,0,0,0,0,0
waszb001,12,354,66,2,0,1,4,0,3,1,0
wathd001,1,42,14,0,0,0,0,0,1,0,0
wathj001,495,13361,2224,194,44,23,15,0,313,152,0
watkd101,33,1010,241,18,5,2,13,21,20,13,0
watln101,0,0,37,7,1,2,0,0,0,0,0
watsb001,2,96,28,2,1,0,4,0,5,1,0
websl001,380,10708,2648,189,15,24,28,0,356,123,0
wedge001,5,132,25,3,0,1,1,0,5,1,0
wehnj001,0,12,4,0,0,0,0,0,0,0,0
weigr101,0,0,179,28,5,8,6,0,0,0,0
welcm101,0,0,3,1,0,1,0,0,0,0,0
wendl101,0,0,41,11,4,0,1,0,0,0,0
wernd101,85,2349,481,40,11,9,5,0,89,20,0
wertd101,2,75,17,1,0,0,1,0,2,0,0
westd101,0,0,305,36,8,4,6,0,0,0,0
westw101,220,5732,3639,415,62,82,61,30,49,42,4
wheam101,0,0,432,155,26,12,11,0,0,0,0
wheed101,0,0,210,36,6,4,2,0,0,0,0
whisp101,0,3,0,1,1,0,0,0,0,0,0
whitc101,25,700,140,6,2,0,2,8,6,4,0
whitd101,35,962,202,15,0,4,6,0,22,8,0
white002,1050,28202,6091,497,59,67,71,0,691,347,0
white004,142,4116,1217,104,14,11,15,0,112,47,0
whits103,734,19189,4738,506,84,83,52,137,199,174,19
whits104,0,0,0,5,0,0,0,0,0,0,0
widgc001,506,13244,3205,238,52,28,45,0,426,134,0
wiegt001,4,126,36,3,0,0,5,0,10,2,0
wietm001,965,25685,7199,411,56,68,26,0,429,203,0
wilbd101,16,379,818,81,20,15,24,4,5,4,1
wilkr001,553,15123,3608,374,31,42,48,0,386,240,0
willd109,0,0,571,82,16,9,7,0,0,0,0
wille101,423,11183,2109,192,38,30,71,0,288,135,0
wille102,0,0,1,0,0,0,0,0,0,0,0
willg002,92,2627,565,48,12,4,7,0,80,26,0
willj001,199,5385,1067,99,14,19,16,0,155,62,0
willj004,7,206,48,1,1,0,4,0,9,1,0
willj005,7,209,58,6,0,0,1,0,5,1,0
wilsa102,0,0,215,84,8,4,6,0,0,0,0
wilsb002,280,7540,2196,137,13,17,14,0,184,62,0
wilsc003,20,651,130,13,2,1,4,0,12,3,0
wilsd001,1178,31091,8109,470,45,65,42,0,624,314,0
wilsj105,0,0,4916,931,136,153,88,0,0,0,0
wilsm103,0,0,3,2,1,0,0,0,0,0,0
wilsn101,2,90,23,0,1,0,1,0,2,0,0
wilsr102,454,12250,2884,236,33,41,45,86,116,98,8
wilst003,120,3299,776,49,9,8,10,0,111,28,0
wilsv001,245,7164,1674,173,18,19,15,0,135,90,0
winer001,9,318,68,12,1,2,1,0,17,4,0
winge101,0,0,8,1,0,0,0,0,0,0,0
wingi101,0,0,1716,536,79,53,36,0,0,0,0
wirtk101,0,0,87,16,2,2,5,0,0,0,0
wiseh101,0,0,9,2,0,0,0,0,0,0,0
withf101,0,0,188,57,9,11,5,0,0,0,0
wockj001,216,5957,1212,119,39,17,27,0,188,82,0
wolfl101,0,3,2,0,0,0,0,0,0,0,0
woltt001,180,4730,1467,115,12,10,16,0,79,37,0
womas101,0,0,3,1,0,0,1,0,0,0,0
woodl101,0,0,1335,303,26,25,25,0,0,0,0
woots001,29,849,169,16,0,0,9,0,24,11,0
wronr001,47,1360,296,32,8,3,4,0,25,13,0
wyneb001,1164,31563,6281,583,75,88,61,0,708,478,0
wynna001,33,901,257,26,1,3,3,0,15,7,0
yankg101,0,0,29,6,0,0,0,0,0,0,0
yaryy101,0,0,143,40,10,2,0,0,0,0,0
yeags001,1051,28276,6110,674,88,75,78,0,595,365,0
yella101,0,0,4,1,1,0,0,0,0,0,0
yewct101,0,9,4,1,1,0,0,0,1,0,0
yorkr101,0,0,883,137,19,21,30,0,0,0,0
yoste001,173,4718,843,54,16,7,24,0,162,30,0
younj001,0,3,0,0,0,0,0,0,0,0,0
younr102,0,0,44,7,0,0,0,0,0,0,0
yvars101,12,316,526,86,8,11,13,1,2,1,0
zaung001,910,24700,6134,418,88,59,51,0,651,209,0
zeilt001,121,3256,670,66,11,4,15,0,110,45,0
zellb101,0,3,1,0,0,0,0,0,0,0,0
zimmd101,27,744,150,18,6,1,5,12,10,10,3
zimmj101,298,8560,2131,150,21,26,19,84,110,80,4
zinta001,0,3,2,0,0,0,0,0,0,0,0
zunim001,535,14489,4356,264,21,22,39,0,248,98,0
zupof101,1,114,31,1,2,0,1,1,2,1,0
